Age,Income,Region,Education_Level,Occupation,Savings_Goal,Risk_Tolerance,Financial_Plan_Type,Monthly_Savings,Recommended_Investment,Eligible_for_Scheme,Scheme_Name,Scheme_Benefit,Has_Debt,Debt_Type,Debt_Amount,Debt_Interest_Rate,Debt_Repayment_Plan
26,49797.41318,Rural,Postgraduate,Salaried,Child education,High,Medium_term,74505.82087,Credit risk funds,Yes,Mudra Loan,Financial support for small businesses,No,,0,0,
48,87715.78991,Semi-Urban,Primary,Unemployed,Business startup,Very Low,Medium_term,60316.46739,Senior citizen savings scheme,No,,,No,,0,0,
23,33478.73824,Semi-Urban,No formal education,Retired,Legacy planning,High,Long_term,14164.03376,Corporate bonds,No,,,No,,0,0,
45,128502.966,Rural,Graduate,Self-Employed,Property down payment,Low,Medium_term,37002.62364,Post office schemes,No,,,Yes,Home Loan,21730.11107,11.84207179,Accelerated
19,28523.5909,Urban,Secondary,Business Owner,Home renovation,High,Short_term,56962.08714,Sectoral funds,Yes,Maharashtra State Rural Livelihoods Mission,Skill development and employment generation (State: Maharashtra),Yes,Personal Loan,554592.0302,10.78335105,Accelerated
46,240236.1494,Rural,Secondary,Business Owner,Child education,Low,Medium_term,63508.48889,Conservative hybrid funds,Yes,Tamil Nadu Housing Board Schemes,Affordable housing options (State: Tamil Nadu),Yes,Home Loan,559556.2426,9.099904201,Accelerated
20,37742.36623,Rural,No formal education,Salaried,Child education,High,Medium_term,62408.19204,Sectoral funds,Yes,Uttar Pradesh Kanya Vidya Dhan Yojana,Financial assistance for girls' education (State: Uttar Pradesh),No,,0,0,
28,74715.36482,Rural,Postgraduate,Unemployed,Retirement,High,Long_term,63805.87454,Mid-cap funds,No,,,No,,0,0,
69,106793.9269,Rural,Primary,Business Owner,Vacation,Very Low,Short_term,39475.91645,Arbitrage funds,Yes,Uttar Pradesh Kanya Vidya Dhan Yojana,Financial assistance for girls' education (State: Uttar Pradesh),No,,0,0,
61,174332.8005,Urban,Postgraduate,Unemployed,Vacation,Very Low,Short_term,87083.19668,Equity-linked saving schemes,Yes,Maharashtra State Rural Livelihoods Mission,Skill development and employment generation (State: Maharashtra),No,,0,0,
64,158681.5756,Urban,Secondary,Salaried,Retirement,Very Low,Long_term,75799.62064,Arbitrage funds,Yes,Maharashtra Farmers' Welfare Scheme,Financial aid for farmers (State: Maharashtra),No,,0,0,
21,15020.31682,Semi-Urban,Primary,Business Owner,Retirement,Moderate,Long_term,10939.51213,Balanced funds,Yes,Uttar Pradesh Skill Development Mission,Skill training and employment opportunities (State: Uttar Pradesh),Yes,Personal Loan,632551.0546,7.797303035,Standard
36,81535.20976,Urban,Secondary,Retired,Child education,Low,Medium_term,19327.8577,Dividend yield funds,Yes,Atal Pension Yojana,Pension scheme for unorganized sector workers,No,,0,0,
69,119228.8101,Semi-Urban,Graduate,Retired,Child education,Very Low,Medium_term,41147.28947,Arbitrage funds,No,,,No,,0,0,
22,27020.51177,Rural,Graduate,Self-Employed,Business startup,High,Medium_term,96580.11294,Mid-cap funds,Yes,MHADA Schemes,Affordable housing initiatives (State: Maharashtra),No,,0,0,
36,83115.13607,Urban,Postgraduate,Business Owner,Property down payment,Low,Medium_term,92271.1689,Post office schemes,No,,,Yes,Home Loan,261168.3546,14.28061284,Standard
49,94364.57856,Semi-Urban,Primary,Self-Employed,Business startup,Very Low,Medium_term,38013.68229,Equity-linked saving schemes,Yes,Uttar Pradesh Skill Development Mission,Skill training and employment opportunities (State: Uttar Pradesh),No,,0,0,
30,76798.97797,Semi-Urban,Secondary,Business Owner,Business startup,Low,Medium_term,21572.45985,Fixed deposits,No,,,No,,0,0,
21,33953.43471,Rural,Postgraduate,Salaried,Retirement,High,Long_term,64830.78758,Aggressive hybrid funds,Yes,Tamil Nadu Housing Board Schemes,Affordable housing options (State: Tamil Nadu),Yes,Personal Loan,489799.5023,11.69810908,Accelerated
21,21891.06796,Semi-Urban,No formal education,Unemployed,Retirement,Moderate,Long_term,83838.11607,Balanced funds,Yes,National Pension Scheme (NPS),Retirement savings scheme,No,,0,0,
61,130835.79,Urban,Graduate,Salaried,Vacation,Very Low,Short_term,47679.96072,Senior citizen savings scheme,Yes,PMAY,Housing for All,Yes,Personal Loan,989838.8254,9.222880105,Standard
48,82119.4412,Semi-Urban,Primary,Retired,Emergency fund,Very Low,Short_term,16843.25944,Equity-linked saving schemes,Yes,PMAY,Housing for All,No,,0,0,
70,65713.06242,Rural,Primary,Business Owner,Home renovation,Very Low,Short_term,48015.69509,Equity-linked saving schemes,No,,,Yes,Educational Loan,395763.6965,13.9528353,Standard
41,106804.7881,Rural,Secondary,Unemployed,Wealth creation,Moderate,Long_term,47887.66488,Banking PSU funds,No,,,Yes,Home Loan,874614.3868,10.76656559,Standard
43,137527.5046,Rural,Secondary,Retired,Legacy planning,Low,Long_term,75648.4584,Dividend yield funds,No,,,Yes,Personal Loan,74025.74066,9.30894093,Accelerated
61,133689.1885,Semi-Urban,Graduate,Self-Employed,Emergency fund,Very Low,Short_term,70237.4497,Senior citizen savings scheme,Yes,Mudra Loan,Financial support for small businesses,No,,0,0,
49,130733.632,Semi-Urban,Postgraduate,Unemployed,Property down payment,Low,Medium_term,85195.00233,Dividend yield funds,Yes,Tamil Nadu Housing Board Schemes,Affordable housing options (State: Tamil Nadu),Yes,Home Loan,659934.7336,10.69809282,Standard
25,39158.7447,Urban,Graduate,Retired,Emergency fund,Moderate,Short_term,66801.97298,Dynamic asset allocation funds,Yes,Uttar Pradesh Kanya Vidya Dhan Yojana,Financial assistance for girls' education (State: Uttar Pradesh),No,,0,0,
20,35549.49842,Semi-Urban,Primary,Retired,Retirement,High,Long_term,46184.3298,Sectoral funds,Yes,Equity Linked Savings Scheme (ELSS),Tax-saving mutual funds,No,,0,0,
30,43731.00104,Rural,No formal education,Unemployed,Property down payment,Moderate,Medium_term,97146.6175,Government securities,No,,,Yes,Personal Loan,484481.3218,7.676231296,Accelerated
69,166485.7817,Semi-Urban,Graduate,Business Owner,Child education,Very Low,Medium_term,15082.46501,Arbitrage funds,Yes,PMAY,Housing for All,Yes,Home Loan,870636.668,8.791228266,Accelerated
37,88480.6801,Rural,Postgraduate,Unemployed,Wealth creation,Moderate,Long_term,79014.15049,Large-cap funds,No,,,No,,0,0,
36,97303.87567,Semi-Urban,Graduate,Self-Employed,Child education,Low,Medium_term,74275.54162,Monthly income plans,No,,,Yes,Home Loan,192468.8001,6.968651554,Accelerated
22,26026.22304,Semi-Urban,Primary,Unemployed,Emergency fund,Moderate,Short_term,24384.35566,Balanced advantage funds,No,,,Yes,Personal Loan,643413.4486,6.225879093,Standard
50,245523.6568,Semi-Urban,Graduate,Salaried,Business startup,Very Low,Medium_term,91011.36661,Arbitrage funds,Yes,Tamil Nadu Women’s Development Corporation,Financial support for women entrepreneurs (State: Tamil Nadu),Yes,Educational Loan,563439.1561,6.936043479,Standard
30,60974.03725,Semi-Urban,Primary,Self-Employed,Property down payment,High,Medium_term,83758.50261,Credit risk funds,Yes,Uttar Pradesh Mukhyamantri Samagra Awas Yojana,Housing for all initiative (State: Uttar Pradesh),No,,0,0,
24,21322.65373,Urban,Postgraduate,Retired,Home renovation,Moderate,Short_term,36081.6375,Dynamic asset allocation funds,Yes,PM-Kisan,Direct income support to farmers,No,,0,0,
51,90252.26761,Urban,Secondary,Retired,Wedding,Very Low,Short_term,85599.43525,Equity-linked saving schemes,No,,,No,,0,0,
61,150025.8401,Semi-Urban,Primary,Self-Employed,Property down payment,Very Low,Medium_term,73617.24523,Arbitrage funds,Yes,PM-Kisan,Direct income support to farmers,No,,0,0,
65,61594.14009,Semi-Urban,Secondary,Salaried,Home renovation,Very Low,Short_term,23240.33255,Senior citizen savings scheme,Yes,National Pension Scheme (NPS),Retirement savings scheme,Yes,Personal Loan,430325.7535,14.4559522,Standard
21,38700.85961,Rural,Secondary,Unemployed,Wedding,Moderate,Short_term,73149.33825,Banking PSU funds,Yes,Atal Pension Yojana,Pension scheme for unorganized sector workers,Yes,Home Loan,134015.996,7.901824514,Accelerated
69,112675.953,Rural,No formal education,Salaried,Emergency fund,Very Low,Short_term,23011.53947,Equity-linked saving schemes,No,,,Yes,Home Loan,282149.0347,5.906437196,Accelerated
28,68342.14417,Urban,Primary,Unemployed,Retirement,High,Long_term,92692.73469,Aggressive hybrid funds,No,,,Yes,Home Loan,700373.0653,12.09481224,Standard
35,66163.31089,Urban,No formal education,Salaried,Legacy planning,Moderate,Long_term,22530.06947,Banking PSU funds,No,,,No,,0,0,
25,16789.95168,Rural,Primary,Salaried,Vacation,High,Short_term,29620.01776,Credit risk funds,No,,,Yes,Educational Loan,31280.3918,6.140921573,Standard
21,17601.77644,Urban,Secondary,Retired,Legacy planning,High,Long_term,59225.90714,Aggressive hybrid funds,Yes,Jan Dhan Yojana,Financial inclusion and banking services,Yes,Home Loan,743802.0587,7.648311734,Accelerated
62,187892.064,Rural,Secondary,Retired,Retirement,Very Low,Long_term,53395.32327,Equity-linked saving schemes,No,,,Yes,Personal Loan,97068.81921,5.868791657,Accelerated
31,71242.40948,Semi-Urban,No formal education,Unemployed,Property down payment,Low,Medium_term,30600.26943,Post office schemes,No,,,No,,0,0,
40,86737.58978,Urban,Postgraduate,Salaried,Business startup,Low,Medium_term,88569.91262,Monthly income plans,Yes,National Pension Scheme (NPS),Retirement savings scheme,No,,0,0,
66,184554.9343,Urban,Graduate,Salaried,Home renovation,Very Low,Short_term,65574.34072,Arbitrage funds,Yes,Sukanya Samriddhi Yojana,Savings scheme for girl children,No,,0,0,
60,174416.4081,Semi-Urban,Primary,Retired,Legacy planning,Very Low,Long_term,34240.56299,Senior citizen savings scheme,No,,,Yes,Educational Loan,831664.787,14.48818172,Accelerated
31,44574.74645,Semi-Urban,Postgraduate,Retired,Property down payment,Low,Medium_term,60483.22883,Fixed deposits,No,,,No,,0,0,
43,66773.52305,Rural,Postgraduate,Unemployed,Vacation,Low,Short_term,53386.68251,Fixed deposits,Yes,Uttar Pradesh Mukhyamantri Samagra Awas Yojana,Housing for all initiative (State: Uttar Pradesh),No,,0,0,
41,78487.35509,Semi-Urban,Postgraduate,Unemployed,Legacy planning,Moderate,Long_term,33086.73984,Balanced advantage funds,No,,,No,,0,0,
38,81054.80053,Urban,Secondary,Unemployed,Legacy planning,Low,Long_term,48210.51545,Post office schemes,Yes,Maharashtra State Rural Livelihoods Mission,Skill development and employment generation (State: Maharashtra),Yes,Educational Loan,227399.1674,9.641398311,Accelerated
26,30284.2014,Semi-Urban,No formal education,Self-Employed,Emergency fund,High,Short_term,92368.42845,Sectoral funds,Yes,Uttar Pradesh Farmer Loan Waiver Scheme,Debt relief for farmers (State: Uttar Pradesh),No,,0,0,
59,267208.1808,Rural,Primary,Salaried,Property down payment,Low,Medium_term,55295.39805,Blue-chip stocks,No,,,No,,0,0,
20,18517.0164,Semi-Urban,No formal education,Unemployed,Home renovation,Moderate,Short_term,14742.58947,Balanced funds,No,,,Yes,Personal Loan,728063.7946,12.50237913,Accelerated
32,63859.8157,Semi-Urban,Graduate,Business Owner,Legacy planning,Low,Long_term,82944.87047,Monthly income plans,Yes,Mudra Loan,Financial support for small businesses,Yes,Home Loan,227589.4201,12.81446477,Accelerated
42,144398.8892,Urban,Secondary,Self-Employed,Home renovation,Moderate,Short_term,52509.13845,Balanced advantage funds,Yes,Uttar Pradesh Kanya Vidya Dhan Yojana,Financial assistance for girls' education (State: Uttar Pradesh),Yes,Personal Loan,480049.885,8.108325547,Standard
63,87978.77095,Rural,Primary,Business Owner,Property down payment,Very Low,Medium_term,55597.7116,Equity-linked saving schemes,No,,,No,,0,0,
34,71493.38782,Semi-Urban,No formal education,Business Owner,Wealth creation,Moderate,Long_term,75098.89112,Dynamic asset allocation funds,Yes,Tamil Nadu Skill Development Corporation,Skill training programs (State: Tamil Nadu),Yes,Personal Loan,350180.0587,12.25985197,Accelerated
54,286713.4627,Urban,Primary,Business Owner,Vacation,Low,Short_term,40949.44689,Monthly income plans,No,,,No,,0,0,
21,26027.672,Semi-Urban,Primary,Retired,Retirement,High,Long_term,84533.55229,Multi-asset funds,Yes,Tamil Nadu Housing Board Schemes,Affordable housing options (State: Tamil Nadu),Yes,Educational Loan,169638.5474,7.212876051,Accelerated
55,122243.7687,Urban,No formal education,Business Owner,Emergency fund,Very Low,Short_term,66072.12559,Arbitrage funds,No,,,No,,0,0,
27,42813.02322,Rural,Graduate,Salaried,Home renovation,High,Short_term,20397.82904,Multi-asset funds,Yes,Sukanya Samriddhi Yojana,Savings scheme for girl children,No,,0,0,
24,25850.93846,Semi-Urban,No formal education,Retired,Legacy planning,Moderate,Long_term,36638.69531,Index funds,No,,,No,,0,0,
23,31919.71557,Semi-Urban,Secondary,Unemployed,Wedding,Moderate,Short_term,33902.14846,Banking PSU funds,No,,,No,,0,0,
28,31632.08074,Rural,Postgraduate,Business Owner,Wedding,High,Short_term,16126.37409,Aggressive hybrid funds,No,,,Yes,Educational Loan,553436.742,9.745143882,Standard
26,71446.92213,Urban,Postgraduate,Retired,Wedding,Moderate,Short_term,39178.20765,Banking PSU funds,No,,,No,,0,0,
62,59682.64078,Semi-Urban,No formal education,Salaried,Emergency fund,Very Low,Short_term,51181.50936,Senior citizen savings scheme,Yes,Equity Linked Savings Scheme (ELSS),Tax-saving mutual funds,No,,0,0,
19,24469.65849,Rural,Postgraduate,Salaried,Business startup,High,Medium_term,73996.31518,Multi-asset funds,Yes,Sukanya Samriddhi Yojana,Savings scheme for girl children,No,,0,0,
30,77019.32356,Urban,Primary,Self-Employed,Legacy planning,Moderate,Long_term,53051.03062,Balanced advantage funds,No,,,No,,0,0,
29,60415.01762,Rural,Postgraduate,Retired,Business startup,Moderate,Medium_term,83364.45754,Balanced funds,No,,,No,,0,0,
29,49782.01711,Rural,Primary,Business Owner,Vacation,Moderate,Short_term,86193.65305,Dynamic asset allocation funds,No,,,No,,0,0,
26,44358.90264,Rural,Primary,Retired,Emergency fund,Low,Short_term,61861.50551,Dividend yield funds,No,,,Yes,Home Loan,121502.6494,6.008248994,Accelerated
37,84141.05002,Rural,Primary,Unemployed,Property down payment,Low,Medium_term,34671.60872,Fixed deposits,Yes,Maharashtra State Rural Livelihoods Mission,Skill development and employment generation (State: Maharashtra),Yes,Home Loan,698353.894,10.83866858,Accelerated
31,32366.52104,Rural,Postgraduate,Unemployed,Legacy planning,Low,Long_term,56250.5058,Dividend yield funds,Yes,Tamil Nadu Skill Development Corporation,Skill training programs (State: Tamil Nadu),No,,0,0,
69,128485.7831,Urban,No formal education,Self-Employed,Wealth creation,Very Low,Long_term,16814.56309,Arbitrage funds,No,,,Yes,Home Loan,878414.955,14.13999962,Accelerated
68,136259.0858,Urban,Primary,Unemployed,Business startup,Very Low,Medium_term,50456.14086,Senior citizen savings scheme,No,,,Yes,Personal Loan,752705.7768,12.60931678,Accelerated
33,66754.39631,Rural,Primary,Business Owner,Home renovation,Low,Short_term,77109.06869,Conservative hybrid funds,Yes,Uttar Pradesh Skill Development Mission,Skill training and employment opportunities (State: Uttar Pradesh),No,,0,0,
20,18818.43952,Rural,Primary,Business Owner,Legacy planning,High,Long_term,98782.43761,Sectoral funds,Yes,Mudra Loan,Financial support for small businesses,No,,0,0,
43,107769.817,Rural,No formal education,Unemployed,Business startup,Low,Medium_term,93877.91443,Fixed deposits,No,,,Yes,Educational Loan,993328.622,14.64187331,Standard
42,147963.4432,Semi-Urban,No formal education,Retired,Emergency fund,Moderate,Short_term,74346.29242,Dynamic asset allocation funds,Yes,Mudra Loan,Financial support for small businesses,No,,0,0,
19,20691.68328,Semi-Urban,Secondary,Business Owner,Emergency fund,Moderate,Short_term,29717.09789,Index funds,No,,,No,,0,0,
33,32428.45942,Urban,Secondary,Business Owner,Property down payment,High,Medium_term,28024.19132,Sectoral funds,Yes,Equity Linked Savings Scheme (ELSS),Tax-saving mutual funds,Yes,Personal Loan,228531.5824,13.93926663,Standard
22,21492.2817,Rural,Secondary,Business Owner,Retirement,Moderate,Long_term,14437.6987,Dynamic asset allocation funds,Yes,PMAY,Housing for All,Yes,Educational Loan,649559.0473,9.6598716,Accelerated
34,41122.58332,Urban,Postgraduate,Retired,Child education,Low,Medium_term,13689.45199,Post office schemes,Yes,National Pension Scheme (NPS),Retirement savings scheme,Yes,Personal Loan,832104.7575,5.24379385,Accelerated
24,17801.41231,Urban,Postgraduate,Business Owner,Property down payment,High,Medium_term,59790.17203,Sectoral funds,Yes,Maharashtra State Rural Livelihoods Mission,Skill development and employment generation (State: Maharashtra),No,,0,0,
43,138020.1014,Urban,Graduate,Self-Employed,Wedding,Moderate,Short_term,65105.27371,Dynamic asset allocation funds,Yes,Uttar Pradesh Skill Development Mission,Skill training and employment opportunities (State: Uttar Pradesh),No,,0,0,
55,272200.5032,Urban,No formal education,Salaried,Wedding,Very Low,Short_term,57424.65043,Senior citizen savings scheme,No,,,Yes,Educational Loan,602252.9283,14.85564836,Accelerated
70,106969.8185,Rural,Graduate,Self-Employed,Wealth creation,Very Low,Long_term,61901.21898,Senior citizen savings scheme,Yes,Jan Dhan Yojana,Financial inclusion and banking services,No,,0,0,
56,245672.3826,Urban,Graduate,Unemployed,Child education,Very Low,Medium_term,22751.08896,Senior citizen savings scheme,Yes,Equity Linked Savings Scheme (ELSS),Tax-saving mutual funds,No,,0,0,
53,221002.4021,Rural,Graduate,Unemployed,Legacy planning,Very Low,Long_term,76527.64146,Arbitrage funds,No,,,Yes,Home Loan,847067.3897,11.06877674,Accelerated
19,19564.14193,Rural,Primary,Self-Employed,Wealth creation,High,Long_term,27583.80262,Small-cap funds,Yes,Equity Linked Savings Scheme (ELSS),Tax-saving mutual funds,No,,0,0,
56,241387.6808,Semi-Urban,Secondary,Retired,Child education,Low,Medium_term,90629.0548,Monthly income plans,No,,,Yes,Personal Loan,737271.0869,13.34348022,Accelerated
54,211720.1918,Urban,No formal education,Business Owner,Legacy planning,Very Low,Long_term,12915.63704,Arbitrage funds,No,,,Yes,Personal Loan,604845.1979,6.556495684,Standard
22,21003.71091,Urban,No formal education,Self-Employed,Retirement,Moderate,Long_term,42172.45085,Balanced funds,Yes,Maharashtra State Rural Livelihoods Mission,Skill development and employment generation (State: Maharashtra),Yes,Personal Loan,737021.669,13.68606806,Standard
51,293897.944,Urban,Graduate,Business Owner,Business startup,Low,Medium_term,35699.01275,Monthly income plans,Yes,Equity Linked Savings Scheme (ELSS),Tax-saving mutual funds,Yes,Personal Loan,774243.4177,5.188921858,Accelerated
23,28925.17457,Urban,Graduate,Salaried,Business startup,Moderate,Medium_term,52196.88735,Balanced advantage funds,Yes,Tamil Nadu Housing Board Schemes,Affordable housing options (State: Tamil Nadu),No,,0,0,
41,59929.0371,Urban,Postgraduate,Self-Employed,Wealth creation,Moderate,Long_term,44582.8739,Government securities,Yes,Uttar Pradesh Skill Development Mission,Skill training and employment opportunities (State: Uttar Pradesh),No,,0,0,
60,86573.71559,Urban,Primary,Salaried,Property down payment,Very Low,Medium_term,52573.56079,Equity-linked saving schemes,Yes,Mudra Loan,Financial support for small businesses,Yes,Home Loan,279729.7333,12.689597,Standard
18,31216.01214,Urban,Postgraduate,Salaried,Legacy planning,Moderate,Long_term,20582.78216,Index funds,No,,,Yes,Educational Loan,564628.273,5.240935734,Accelerated
28,38388.37577,Rural,Postgraduate,Self-Employed,Vacation,Moderate,Short_term,30498.07208,Large-cap funds,Yes,Maharashtra Farmers' Welfare Scheme,Financial aid for farmers (State: Maharashtra),No,,0,0,
39,125300.9851,Rural,No formal education,Self-Employed,Legacy planning,Moderate,Long_term,90755.03012,Government securities,No,,,Yes,Home Loan,207929.5471,14.08315668,Accelerated
34,35767.90985,Rural,Postgraduate,Self-Employed,Child education,Moderate,Medium_term,53771.58189,Balanced advantage funds,Yes,Equity Linked Savings Scheme (ELSS),Tax-saving mutual funds,No,,0,0,
26,78242.74655,Semi-Urban,Postgraduate,Unemployed,Wealth creation,High,Long_term,28234.6636,Aggressive hybrid funds,No,,,Yes,Personal Loan,980481.9901,11.47925355,Standard
45,125075.9733,Urban,Postgraduate,Business Owner,Business startup,Low,Medium_term,89680.89639,Blue-chip stocks,Yes,Tamil Nadu Skill Development Corporation,Skill training programs (State: Tamil Nadu),Yes,Personal Loan,557507.5338,10.26219692,Standard
60,146281.9899,Semi-Urban,Secondary,Retired,Child education,Very Low,Medium_term,42832.87677,Senior citizen savings scheme,No,,,Yes,Home Loan,482778.3791,6.282549009,Accelerated
24,33332.13501,Urban,Primary,Salaried,Wealth creation,Moderate,Long_term,90361.45468,Banking PSU funds,Yes,MHADA Schemes,Affordable housing initiatives (State: Maharashtra),Yes,Home Loan,990061.8285,13.66220653,Accelerated
40,141799.531,Rural,Primary,Self-Employed,Retirement,Moderate,Long_term,36449.50315,Large-cap funds,Yes,Atal Pension Yojana,Pension scheme for unorganized sector workers,No,,0,0,
40,88646.85726,Urban,Graduate,Retired,Retirement,Moderate,Long_term,14854.72238,Index funds,Yes,PM-Kisan,Direct income support to farmers,Yes,Personal Loan,184301.5411,8.367830203,Standard
21,38390.69036,Urban,Postgraduate,Unemployed,Legacy planning,Moderate,Long_term,84118.47505,Large-cap funds,No,,,No,,0,0,
33,68441.40662,Semi-Urban,Primary,Unemployed,Wealth creation,Moderate,Long_term,55506.29327,Balanced funds,No,,,No,,0,0,
35,41871.98933,Urban,Postgraduate,Retired,Legacy planning,High,Long_term,61436.01609,Credit risk funds,Yes,Jan Dhan Yojana,Financial inclusion and banking services,No,,0,0,
21,31131.79343,Semi-Urban,Primary,Retired,Emergency fund,Moderate,Short_term,58668.52908,Government securities,Yes,Tamil Nadu Skill Development Corporation,Skill training programs (State: Tamil Nadu),Yes,Educational Loan,80381.35526,14.05903075,Standard
35,72648.90803,Urban,Postgraduate,Unemployed,Retirement,High,Long_term,57614.58462,Mid-cap funds,Yes,Tamil Nadu Chief Minister's Comprehensive Health Insurance Scheme,Health coverage for low-income families (State: Tamil Nadu),No,,0,0,
55,204257.2494,Semi-Urban,Primary,Self-Employed,Emergency fund,Low,Short_term,57565.88958,Post office schemes,No,,,Yes,Personal Loan,994336.4556,8.410950678,Standard
47,223264.3243,Semi-Urban,Graduate,Unemployed,Wedding,Low,Short_term,14423.56138,Monthly income plans,Yes,PM-Kisan,Direct income support to farmers,Yes,Personal Loan,894930.0661,13.1633467,Standard
53,276107.7602,Rural,Postgraduate,Salaried,Child education,Low,Medium_term,29763.5696,Dividend yield funds,No,,,Yes,Home Loan,678473.7765,6.480173391,Accelerated
38,115466.8622,Semi-Urban,No formal education,Unemployed,Retirement,Low,Long_term,92518.4185,Monthly income plans,No,,,Yes,Personal Loan,109077.0913,10.22962795,Standard
35,45888.83388,Urban,No formal education,Self-Employed,Retirement,High,Long_term,39797.92612,Credit risk funds,Yes,Sukanya Samriddhi Yojana,Savings scheme for girl children,Yes,Educational Loan,397974.7268,11.76583623,Accelerated
57,261038.181,Semi-Urban,Secondary,Self-Employed,Business startup,Low,Medium_term,84906.14653,Monthly income plans,Yes,Uttar Pradesh Kanya Vidya Dhan Yojana,Financial assistance for girls' education (State: Uttar Pradesh),Yes,Personal Loan,704783.5639,9.189553667,Accelerated
30,45734.99734,Urban,Secondary,Retired,Child education,Moderate,Medium_term,70707.66786,Balanced funds,Yes,Tamil Nadu Chief Minister's Comprehensive Health Insurance Scheme,Health coverage for low-income families (State: Tamil Nadu),No,,0,0,
42,133631.2788,Rural,Postgraduate,Unemployed,Legacy planning,Low,Long_term,53998.26122,Conservative hybrid funds,No,,,No,,0,0,
40,97274.49851,Rural,Primary,Self-Employed,Vacation,Moderate,Short_term,29397.60168,Government securities,Yes,Tamil Nadu Women’s Development Corporation,Financial support for women entrepreneurs (State: Tamil Nadu),Yes,Personal Loan,566593.1844,9.277448671,Standard
32,34362.2496,Urban,Primary,Self-Employed,Home renovation,Low,Short_term,19666.50214,Fixed deposits,Yes,Tamil Nadu Skill Development Corporation,Skill training programs (State: Tamil Nadu),No,,0,0,
33,69591.7161,Urban,Secondary,Salaried,Property down payment,Low,Medium_term,67692.50184,Monthly income plans,Yes,Sukanya Samriddhi Yojana,Savings scheme for girl children,Yes,Educational Loan,480697.085,7.391940006,Standard
30,52649.81195,Semi-Urban,Postgraduate,Self-Employed,Wealth creation,Low,Long_term,73084.40377,Post office schemes,Yes,Atal Pension Yojana,Pension scheme for unorganized sector workers,Yes,Home Loan,615568.8521,5.592643446,Standard
27,42697.01633,Urban,Graduate,Salaried,Vacation,Low,Short_term,35016.83157,Monthly income plans,Yes,Maharashtra State Rural Livelihoods Mission,Skill development and employment generation (State: Maharashtra),Yes,Educational Loan,274774.6386,6.624615401,Accelerated
28,30509.27949,Urban,No formal education,Salaried,Emergency fund,Low,Short_term,51842.72307,Dividend yield funds,No,,,No,,0,0,
60,173788.7804,Rural,Secondary,Self-Employed,Child education,Very Low,Medium_term,77309.43577,Arbitrage funds,Yes,Uttar Pradesh Kanya Vidya Dhan Yojana,Financial assistance for girls' education (State: Uttar Pradesh),Yes,Educational Loan,966456.4029,13.73667914,Standard
18,33789.45425,Rural,Graduate,Business Owner,Vacation,Moderate,Short_term,15274.14222,Index funds,No,,,No,,0,0,
63,99865.66374,Urban,No formal education,Unemployed,Child education,Very Low,Medium_term,22115.36611,Arbitrage funds,Yes,PM-Kisan,Direct income support to farmers,No,,0,0,
35,36257.46113,Semi-Urban,Postgraduate,Salaried,Retirement,High,Long_term,48313.81642,Multi-asset funds,No,,,Yes,Educational Loan,481648.9878,12.58352482,Standard
37,104512.5673,Semi-Urban,No formal education,Retired,Child education,Low,Medium_term,43187.36163,Dividend yield funds,No,,,No,,0,0,
27,47875.27376,Rural,Graduate,Business Owner,Property down payment,Low,Medium_term,68925.01171,Dividend yield funds,Yes,Digital India Initiative,Promotes digital literacy and access,Yes,Personal Loan,56131.34278,12.77885596,Standard
44,73291.90557,Rural,Postgraduate,Self-Employed,Wealth creation,Low,Long_term,21121.06303,Conservative hybrid funds,Yes,Atal Pension Yojana,Pension scheme for unorganized sector workers,No,,0,0,
23,31565.91471,Urban,Secondary,Retired,Emergency fund,High,Short_term,55180.03072,Aggressive hybrid funds,Yes,Tamil Nadu Chief Minister's Comprehensive Health Insurance Scheme,Health coverage for low-income families (State: Tamil Nadu),Yes,Home Loan,472602.3238,14.59266424,Accelerated
69,104511.7674,Semi-Urban,Postgraduate,Business Owner,Legacy planning,Very Low,Long_term,47398.02565,Senior citizen savings scheme,Yes,Tamil Nadu Skill Development Corporation,Skill training programs (State: Tamil Nadu),No,,0,0,
36,85207.49048,Urban,Postgraduate,Retired,Business startup,Low,Medium_term,39566.23022,Post office schemes,No,,,Yes,Personal Loan,270876.158,13.88362374,Accelerated
43,112646.6613,Semi-Urban,Primary,Self-Employed,Wealth creation,Low,Long_term,43820.22861,Conservative hybrid funds,No,,,Yes,Personal Loan,635039.1161,14.52111019,Accelerated
64,80897.8325,Rural,No formal education,Self-Employed,Property down payment,Very Low,Medium_term,35859.42777,Equity-linked saving schemes,No,,,Yes,Home Loan,233867.5121,7.428115329,Accelerated
61,132229.2033,Rural,No formal education,Retired,Emergency fund,Very Low,Short_term,38914.26409,Senior citizen savings scheme,No,,,Yes,Home Loan,942219.2991,10.74941314,Accelerated
34,30432.87295,Urban,Primary,Self-Employed,Business startup,Moderate,Medium_term,38563.83562,Dynamic asset allocation funds,Yes,Maharashtra State Rural Livelihoods Mission,Skill development and employment generation (State: Maharashtra),Yes,Personal Loan,694735.9212,11.32935465,Accelerated
26,73005.42119,Rural,Graduate,Business Owner,Property down payment,High,Medium_term,80871.94393,Credit risk funds,No,,,Yes,Personal Loan,109402.8484,6.760382201,Standard
61,100128.0923,Urban,No formal education,Salaried,Retirement,Very Low,Long_term,90617.29797,Equity-linked saving schemes,No,,,No,,0,0,
38,79258.7708,Semi-Urban,Postgraduate,Retired,Retirement,Moderate,Long_term,12959.87015,Banking PSU funds,No,,,Yes,Educational Loan,298911.3435,12.44472096,Accelerated
63,119041.0343,Rural,Graduate,Self-Employed,Wedding,Very Low,Short_term,38332.28735,Arbitrage funds,Yes,Tamil Nadu Housing Board Schemes,Affordable housing options (State: Tamil Nadu),No,,0,0,
25,17492.70355,Semi-Urban,Primary,Business Owner,Home renovation,Moderate,Short_term,58625.15995,Index funds,Yes,Uttar Pradesh Mukhyamantri Samagra Awas Yojana,Housing for all initiative (State: Uttar Pradesh),No,,0,0,
59,299023.868,Urban,Postgraduate,Business Owner,Wealth creation,Very Low,Long_term,56537.36637,Arbitrage funds,No,,,Yes,Educational Loan,981408.8815,5.810843488,Accelerated
41,87120.31733,Rural,Secondary,Self-Employed,Retirement,Low,Long_term,65348.53432,Dividend yield funds,No,,,No,,0,0,
21,33837.87513,Rural,Graduate,Salaried,Emergency fund,High,Short_term,69067.81831,Mid-cap funds,No,,,Yes,Educational Loan,790701.1852,13.93517834,Accelerated
60,123342.8426,Urban,Primary,Unemployed,Legacy planning,Very Low,Long_term,34428.99788,Equity-linked saving schemes,No,,,Yes,Educational Loan,50332.68542,7.21559006,Accelerated
25,22405.98825,Urban,Primary,Self-Employed,Vacation,Moderate,Short_term,27343.76903,Banking PSU funds,No,,,No,,0,0,
61,62328.38324,Semi-Urban,Primary,Business Owner,Wedding,Very Low,Short_term,34703.2141,Equity-linked saving schemes,No,,,Yes,Home Loan,235471.1954,10.3517193,Accelerated
68,66966.61062,Urban,Postgraduate,Self-Employed,Home renovation,Very Low,Short_term,29251.59391,Arbitrage funds,Yes,Uttar Pradesh Kanya Vidya Dhan Yojana,Financial assistance for girls' education (State: Uttar Pradesh),Yes,Home Loan,798049.9464,12.09408047,Standard
69,146452.8296,Urban,Postgraduate,Retired,Home renovation,Very Low,Short_term,10716.33174,Arbitrage funds,No,,,Yes,Educational Loan,898904.9495,13.77054054,Accelerated
41,84798.24841,Semi-Urban,Primary,Unemployed,Child education,Low,Medium_term,22989.96166,Monthly income plans,No,,,Yes,Personal Loan,958337.7143,10.896281,Accelerated
32,58933.55783,Rural,Graduate,Self-Employed,Business startup,High,Medium_term,19336.83845,Sectoral funds,No,,,No,,0,0,
50,273771.1027,Rural,Primary,Business Owner,Child education,Low,Medium_term,85116.01535,Conservative hybrid funds,Yes,Tamil Nadu Housing Board Schemes,Affordable housing options (State: Tamil Nadu),No,,0,0,
66,52831.94279,Urban,Primary,Self-Employed,Business startup,Very Low,Medium_term,87648.52905,Senior citizen savings scheme,Yes,National Pension Scheme (NPS),Retirement savings scheme,Yes,Personal Loan,718906.6617,13.53669085,Standard
68,122175.4103,Rural,Graduate,Salaried,Home renovation,Very Low,Short_term,85737.70557,Arbitrage funds,No,,,Yes,Home Loan,517086.8832,14.21796386,Accelerated
25,16319.61867,Semi-Urban,No formal education,Business Owner,Retirement,High,Long_term,77496.49245,Multi-asset funds,No,,,No,,0,0,
47,254718.1181,Urban,Graduate,Salaried,Retirement,Low,Long_term,53382.3102,Dividend yield funds,No,,,No,,0,0,
66,139778.4569,Semi-Urban,Secondary,Unemployed,Vacation,Very Low,Short_term,75367.57801,Equity-linked saving schemes,No,,,No,,0,0,
29,58922.96719,Rural,No formal education,Retired,Child education,Moderate,Medium_term,74303.43441,Banking PSU funds,No,,,No,,0,0,
61,52069.5548,Rural,No formal education,Self-Employed,Property down payment,Very Low,Medium_term,88428.22972,Arbitrage funds,Yes,Mudra Loan,Financial support for small businesses,No,,0,0,
29,67784.80541,Rural,Graduate,Business Owner,Business startup,High,Medium_term,12198.77522,Small-cap funds,Yes,Tamil Nadu Chief Minister's Comprehensive Health Insurance Scheme,Health coverage for low-income families (State: Tamil Nadu),No,,0,0,
34,46934.31092,Urban,Primary,Retired,Business startup,Moderate,Medium_term,30388.16362,Banking PSU funds,No,,,Yes,Home Loan,73300.71092,8.197175454,Standard
47,211636.7415,Semi-Urban,Postgraduate,Salaried,Emergency fund,Very Low,Short_term,77542.21877,Arbitrage funds,No,,,Yes,Educational Loan,896929.5583,6.105787283,Standard
33,40263.08749,Rural,Primary,Retired,Legacy planning,Moderate,Long_term,56423.34293,Large-cap funds,No,,,Yes,Educational Loan,383008.0332,14.64226298,Accelerated
33,64647.66598,Semi-Urban,Primary,Business Owner,Home renovation,Low,Short_term,20492.21201,Blue-chip stocks,No,,,No,,0,0,
68,142947.9462,Urban,Primary,Business Owner,Vacation,Very Low,Short_term,62602.03455,Senior citizen savings scheme,No,,,No,,0,0,
43,115244.9333,Semi-Urban,No formal education,Unemployed,Business startup,Low,Medium_term,61143.30747,Blue-chip stocks,Yes,Atal Pension Yojana,Pension scheme for unorganized sector workers,Yes,Personal Loan,860040.0629,10.23930302,Accelerated
56,268827.4629,Urban,Secondary,Business Owner,Child education,Very Low,Medium_term,96118.32881,Equity-linked saving schemes,No,,,No,,0,0,
27,60521.03404,Rural,No formal education,Business Owner,Retirement,Moderate,Long_term,69290.47853,Large-cap funds,No,,,Yes,Home Loan,662171.5204,8.299483537,Standard
33,79821.10629,Rural,No formal education,Unemployed,Emergency fund,Moderate,Short_term,73291.82142,Balanced funds,No,,,No,,0,0,
19,17845.98063,Semi-Urban,Postgraduate,Salaried,Legacy planning,High,Long_term,17501.09301,Sectoral funds,No,,,No,,0,0,
46,113353.7615,Rural,Graduate,Salaried,Vacation,Very Low,Short_term,20909.61298,Senior citizen savings scheme,Yes,Uttar Pradesh Skill Development Mission,Skill training and employment opportunities (State: Uttar Pradesh),Yes,Educational Loan,920411.53,11.57679035,Accelerated
33,75526.56243,Urban,Secondary,Retired,Business startup,Moderate,Medium_term,84338.916,Banking PSU funds,No,,,Yes,Educational Loan,619364.8663,6.360147103,Standard
44,141744.06,Semi-Urban,Graduate,Salaried,Wealth creation,Moderate,Long_term,62607.18113,Dynamic asset allocation funds,No,,,No,,0,0,
45,68132.12325,Urban,No formal education,Salaried,Business startup,Low,Medium_term,10922.3053,Fixed deposits,Yes,Mudra Loan,Financial support for small businesses,Yes,Home Loan,767630.8266,8.037955552,Accelerated
60,52138.28075,Urban,Secondary,Business Owner,Child education,Very Low,Medium_term,26462.30606,Senior citizen savings scheme,Yes,Equity Linked Savings Scheme (ELSS),Tax-saving mutual funds,No,,0,0,
60,129705.5519,Rural,Graduate,Retired,Child education,Very Low,Medium_term,88889.39848,Equity-linked saving schemes,Yes,Tamil Nadu Chief Minister's Comprehensive Health Insurance Scheme,Health coverage for low-income families (State: Tamil Nadu),No,,0,0,
33,49711.72189,Rural,Postgraduate,Business Owner,Vacation,High,Short_term,61012.26059,Corporate bonds,No,,,No,,0,0,
45,75043.27679,Rural,No formal education,Unemployed,Wealth creation,Low,Long_term,65677.71899,Blue-chip stocks,Yes,Tamil Nadu Housing Board Schemes,Affordable housing options (State: Tamil Nadu),No,,0,0,
61,174092.0575,Rural,Graduate,Self-Employed,Home renovation,Very Low,Short_term,68509.96398,Senior citizen savings scheme,No,,,Yes,Personal Loan,614193.0295,7.380537943,Standard
40,106029.5933,Rural,Postgraduate,Unemployed,Home renovation,Low,Short_term,53394.23303,Post office schemes,No,,,No,,0,0,
35,62884.83438,Semi-Urban,No formal education,Salaried,Wedding,Moderate,Short_term,21181.99261,Banking PSU funds,Yes,Tamil Nadu Skill Development Corporation,Skill training programs (State: Tamil Nadu),No,,0,0,
22,32772.4924,Semi-Urban,Graduate,Retired,Property down payment,High,Medium_term,20333.17325,Mid-cap funds,Yes,Sukanya Samriddhi Yojana,Savings scheme for girl children,Yes,Home Loan,306405.1168,8.974241922,Accelerated
19,26414.79481,Semi-Urban,Primary,Business Owner,Legacy planning,Moderate,Long_term,74686.86044,Government securities,Yes,Uttar Pradesh Skill Development Mission,Skill training and employment opportunities (State: Uttar Pradesh),Yes,Home Loan,275107.7616,9.723424597,Standard
28,59720.63017,Urban,Secondary,Self-Employed,Child education,High,Medium_term,97460.91746,Credit risk funds,No,,,Yes,Home Loan,222522.1816,10.61502178,Standard
50,296505.9111,Rural,Graduate,Retired,Retirement,Low,Long_term,39434.5268,Dividend yield funds,Yes,Mudra Loan,Financial support for small businesses,Yes,Personal Loan,993933.8258,10.72686087,Standard
53,80115.80161,Urban,Graduate,Retired,Child education,Low,Medium_term,41017.81472,Blue-chip stocks,No,,,No,,0,0,
59,230683.8805,Rural,Primary,Business Owner,Child education,Low,Medium_term,17075.90518,Conservative hybrid funds,Yes,National Pension Scheme (NPS),Retirement savings scheme,Yes,Educational Loan,450520.0056,6.214348502,Accelerated
37,142326.9319,Semi-Urban,Secondary,Salaried,Wealth creation,Low,Long_term,10312.0496,Monthly income plans,No,,,No,,0,0,
18,30401.10867,Semi-Urban,Graduate,Retired,Retirement,High,Long_term,64309.55038,Credit risk funds,No,,,Yes,Educational Loan,838365.1642,5.021623843,Standard
27,73909.0757,Urban,Graduate,Self-Employed,Retirement,High,Long_term,22113.33573,Multi-asset funds,No,,,Yes,Personal Loan,687926.0164,12.47920064,Accelerated
43,81878.35085,Urban,Primary,Business Owner,Wedding,Moderate,Short_term,32939.61564,Balanced funds,No,,,No,,0,0,
33,78195.17094,Rural,Graduate,Self-Employed,Business startup,Moderate,Medium_term,68319.44671,Balanced advantage funds,No,,,No,,0,0,
28,43643.23276,Semi-Urban,Primary,Self-Employed,Business startup,Low,Medium_term,14317.60089,Fixed deposits,Yes,National Pension Scheme (NPS),Retirement savings scheme,No,,0,0,
22,35018.92074,Semi-Urban,Secondary,Unemployed,Legacy planning,High,Long_term,89241.5197,Multi-asset funds,Yes,Mudra Loan,Financial support for small businesses,Yes,Personal Loan,357524.5091,9.68844159,Accelerated
55,228106.6042,Rural,Primary,Unemployed,Home renovation,Very Low,Short_term,80738.48721,Equity-linked saving schemes,No,,,No,,0,0,
40,129530.4345,Rural,Postgraduate,Salaried,Wedding,Moderate,Short_term,68456.8506,Index funds,Yes,Digital India Initiative,Promotes digital literacy and access,No,,0,0,
41,113220.4767,Semi-Urban,Primary,Unemployed,Business startup,Low,Medium_term,48284.06354,Post office schemes,Yes,Jan Dhan Yojana,Financial inclusion and banking services,No,,0,0,
23,36012.52596,Semi-Urban,No formal education,Self-Employed,Home renovation,High,Short_term,38664.41007,Sectoral funds,No,,,Yes,Home Loan,508474.6911,5.813699077,Standard
29,51800.21846,Urban,Secondary,Unemployed,Legacy planning,High,Long_term,39657.55161,Small-cap funds,Yes,Mudra Loan,Financial support for small businesses,No,,0,0,
28,64087.15181,Urban,Postgraduate,Business Owner,Child education,Moderate,Medium_term,20433.01024,Dynamic asset allocation funds,No,,,Yes,Home Loan,585237.0234,12.54172525,Accelerated
43,110381.8355,Urban,Graduate,Salaried,Business startup,Moderate,Medium_term,81407.49242,Government securities,Yes,Equity Linked Savings Scheme (ELSS),Tax-saving mutual funds,No,,0,0,
29,49978.24663,Urban,No formal education,Business Owner,Emergency fund,High,Short_term,75985.25611,Small-cap funds,No,,,Yes,Home Loan,388874.6604,14.94797616,Accelerated
20,26495.09873,Rural,No formal education,Unemployed,Child education,High,Medium_term,54915.01228,Corporate bonds,No,,,No,,0,0,
34,54928.28457,Semi-Urban,Graduate,Business Owner,Home renovation,High,Short_term,90989.74538,Sectoral funds,Yes,PMAY,Housing for All,No,,0,0,
49,267740.759,Semi-Urban,Primary,Self-Employed,Emergency fund,Very Low,Short_term,25843.76396,Equity-linked saving schemes,No,,,No,,0,0,
32,77793.49872,Semi-Urban,Secondary,Salaried,Vacation,Moderate,Short_term,41709.30301,Dynamic asset allocation funds,No,,,No,,0,0,
23,28705.14419,Semi-Urban,No formal education,Retired,Child education,Moderate,Medium_term,23088.6632,Index funds,Yes,Tamil Nadu Women’s Development Corporation,Financial support for women entrepreneurs (State: Tamil Nadu),Yes,Home Loan,5304.217616,8.688081655,Standard
25,23683.19416,Semi-Urban,No formal education,Business Owner,Child education,Moderate,Medium_term,39631.90873,Government securities,Yes,Sukanya Samriddhi Yojana,Savings scheme for girl children,Yes,Educational Loan,629351.1071,14.45997524,Standard
62,124918.1448,Urban,Secondary,Business Owner,Legacy planning,Very Low,Long_term,90570.47153,Arbitrage funds,No,,,No,,0,0,
43,106241.919,Rural,Primary,Self-Employed,Property down payment,Low,Medium_term,21831.11906,Monthly income plans,No,,,Yes,Personal Loan,356111.5482,8.523045062,Accelerated
26,56091.65194,Rural,No formal education,Salaried,Legacy planning,Moderate,Long_term,32003.23042,Large-cap funds,Yes,Mudra Loan,Financial support for small businesses,No,,0,0,
60,34533.4594,Urban,No formal education,Retired,Child education,Very Low,Medium_term,91625.88918,Equity-linked saving schemes,No,,,No,,0,0,
58,85143.35931,Semi-Urban,Primary,Unemployed,Business startup,Very Low,Medium_term,83192.64489,Arbitrage funds,Yes,PMAY,Housing for All,No,,0,0,
18,35685.3838,Semi-Urban,Secondary,Retired,Emergency fund,High,Short_term,84207.09513,Small-cap funds,Yes,Sukanya Samriddhi Yojana,Savings scheme for girl children,No,,0,0,
37,131684.4895,Urban,Primary,Salaried,Business startup,Moderate,Medium_term,70422.22556,Government securities,Yes,MHADA Schemes,Affordable housing initiatives (State: Maharashtra),Yes,Home Loan,827264.0395,14.5443856,Accelerated
42,99889.80192,Rural,Postgraduate,Self-Employed,Wealth creation,Moderate,Long_term,16479.79183,Banking PSU funds,No,,,Yes,Educational Loan,809534.4383,6.079275056,Standard
18,22002.47028,Urban,Postgraduate,Business Owner,Legacy planning,High,Long_term,36856.0404,Small-cap funds,No,,,Yes,Home Loan,678962.0712,12.07401047,Standard
43,75281.05099,Semi-Urban,No formal education,Self-Employed,Retirement,Moderate,Long_term,92466.52598,Banking PSU funds,Yes,Tamil Nadu Women’s Development Corporation,Financial support for women entrepreneurs (State: Tamil Nadu),Yes,Personal Loan,307156.9349,8.03176476,Accelerated
42,81720.76896,Semi-Urban,Graduate,Salaried,Home renovation,Low,Short_term,20874.42552,Dividend yield funds,Yes,Mudra Loan,Financial support for small businesses,No,,0,0,
67,153001.158,Semi-Urban,Secondary,Business Owner,Property down payment,Very Low,Medium_term,44554.73835,Senior citizen savings scheme,Yes,PM-Kisan,Direct income support to farmers,No,,0,0,
47,127065.4836,Rural,Graduate,Self-Employed,Business startup,Very Low,Medium_term,39865.77084,Senior citizen savings scheme,Yes,MHADA Schemes,Affordable housing initiatives (State: Maharashtra),Yes,Educational Loan,361994.1669,6.58598511,Standard
27,47733.57227,Semi-Urban,Postgraduate,Business Owner,Wealth creation,Moderate,Long_term,39111.95922,Balanced advantage funds,No,,,No,,0,0,
55,120650.5174,Rural,Secondary,Business Owner,Home renovation,Low,Short_term,97107.02219,Blue-chip stocks,No,,,No,,0,0,
21,38309.47913,Urban,Secondary,Self-Employed,Vacation,High,Short_term,38807.93611,Multi-asset funds,No,,,No,,0,0,
34,73031.29712,Urban,Secondary,Unemployed,Retirement,High,Long_term,86631.58001,Sectoral funds,No,,,No,,0,0,
57,95655.7158,Urban,Graduate,Salaried,Legacy planning,Low,Long_term,10071.14688,Monthly income plans,Yes,PM-Kisan,Direct income support to farmers,No,,0,0,
26,52349.15819,Semi-Urban,No formal education,Retired,Vacation,Moderate,Short_term,67132.64731,Balanced funds,No,,,No,,0,0,
55,165719.0733,Semi-Urban,Secondary,Retired,Home renovation,Very Low,Short_term,88632.40048,Arbitrage funds,No,,,No,,0,0,
48,154727.0059,Semi-Urban,Secondary,Retired,Legacy planning,Low,Long_term,45006.31477,Monthly income plans,Yes,Uttar Pradesh Farmer Loan Waiver Scheme,Debt relief for farmers (State: Uttar Pradesh),Yes,Personal Loan,165162.6654,14.77928532,Accelerated
46,109687.1346,Rural,No formal education,Self-Employed,Child education,Low,Medium_term,71645.16821,Blue-chip stocks,No,,,Yes,Personal Loan,190394.4406,5.712401276,Standard
65,125127.3698,Rural,Postgraduate,Unemployed,Home renovation,Very Low,Short_term,58807.15828,Equity-linked saving schemes,Yes,Atal Pension Yojana,Pension scheme for unorganized sector workers,Yes,Home Loan,577119.2009,13.78918236,Accelerated
29,59574.88565,Semi-Urban,Secondary,Retired,Child education,Low,Medium_term,48570.95446,Post office schemes,Yes,Equity Linked Savings Scheme (ELSS),Tax-saving mutual funds,Yes,Home Loan,337794.9949,10.73264366,Accelerated
59,292660.1681,Rural,Graduate,Retired,Home renovation,Low,Short_term,28319.43674,Dividend yield funds,Yes,Uttar Pradesh Mukhyamantri Samagra Awas Yojana,Housing for all initiative (State: Uttar Pradesh),Yes,Home Loan,638239.5361,8.301930963,Standard
52,198858.7907,Rural,Primary,Self-Employed,Business startup,Very Low,Medium_term,24347.36782,Senior citizen savings scheme,No,,,No,,0,0,
29,73112.02282,Rural,No formal education,Self-Employed,Child education,High,Medium_term,36001.04496,Mid-cap funds,No,,,No,,0,0,
41,106126.7611,Rural,Postgraduate,Business Owner,Vacation,Low,Short_term,75515.75723,Dividend yield funds,Yes,Tamil Nadu Chief Minister's Comprehensive Health Insurance Scheme,Health coverage for low-income families (State: Tamil Nadu),No,,0,0,
67,37222.24355,Rural,Graduate,Unemployed,Emergency fund,Very Low,Short_term,55304.63633,Equity-linked saving schemes,Yes,Uttar Pradesh Skill Development Mission,Skill training and employment opportunities (State: Uttar Pradesh),No,,0,0,
24,29377.94091,Rural,Graduate,Retired,Legacy planning,High,Long_term,24278.48195,Sectoral funds,No,,,No,,0,0,
29,48806.02839,Rural,Primary,Unemployed,Property down payment,Low,Medium_term,75325.73665,Conservative hybrid funds,Yes,Maharashtra Farmers' Welfare Scheme,Financial aid for farmers (State: Maharashtra),Yes,Educational Loan,370197.8594,6.106416178,Accelerated
57,260421.854,Urban,Secondary,Unemployed,Retirement,Low,Long_term,60518.25701,Blue-chip stocks,Yes,Atal Pension Yojana,Pension scheme for unorganized sector workers,Yes,Home Loan,468151.2386,8.976817232,Accelerated
21,26176.06491,Semi-Urban,Secondary,Business Owner,Retirement,Moderate,Long_term,98733.97878,Banking PSU funds,No,,,No,,0,0,
41,80874.89895,Rural,Postgraduate,Self-Employed,Legacy planning,Moderate,Long_term,20301.57671,Government securities,Yes,Maharashtra State Rural Livelihoods Mission,Skill development and employment generation (State: Maharashtra),Yes,Educational Loan,843391.2239,5.840369476,Standard
26,34290.12473,Semi-Urban,Primary,Self-Employed,Child education,Low,Medium_term,58162.06929,Dividend yield funds,Yes,Uttar Pradesh Kanya Vidya Dhan Yojana,Financial assistance for girls' education (State: Uttar Pradesh),Yes,Educational Loan,445563.3611,13.71775393,Accelerated
48,198609.4341,Urban,Primary,Salaried,Wealth creation,Very Low,Long_term,93758.74698,Arbitrage funds,No,,,No,,0,0,
43,134802.2201,Urban,No formal education,Business Owner,Retirement,Low,Long_term,19068.23859,Blue-chip stocks,No,,,Yes,Educational Loan,567826.8913,12.10395974,Accelerated
62,174906.4337,Rural,No formal education,Self-Employed,Wedding,Very Low,Short_term,26577.88401,Arbitrage funds,Yes,Jan Dhan Yojana,Financial inclusion and banking services,No,,0,0,
59,103185.7072,Urban,Primary,Unemployed,Wedding,Low,Short_term,95911.13243,Conservative hybrid funds,No,,,Yes,Personal Loan,153144.6732,9.541201501,Standard
34,65238.33894,Urban,Secondary,Salaried,Child education,Moderate,Medium_term,13440.08294,Banking PSU funds,No,,,Yes,Personal Loan,459188.3343,6.032628758,Accelerated
43,88646.4012,Rural,Primary,Business Owner,Vacation,Moderate,Short_term,70648.50685,Dynamic asset allocation funds,No,,,Yes,Educational Loan,653418.29,7.632628481,Accelerated
66,123007.4349,Semi-Urban,Graduate,Business Owner,Wealth creation,Very Low,Long_term,95199.87377,Arbitrage funds,No,,,Yes,Personal Loan,937808.4182,10.39308135,Accelerated
43,149716.9772,Rural,Graduate,Self-Employed,Legacy planning,Low,Long_term,76185.96356,Conservative hybrid funds,No,,,Yes,Home Loan,892196.4243,12.95392747,Accelerated
37,85546.09104,Rural,Primary,Retired,Wedding,Moderate,Short_term,43455.44219,Banking PSU funds,No,,,No,,0,0,
60,74404.69685,Semi-Urban,Graduate,Retired,Property down payment,Very Low,Medium_term,72135.1016,Senior citizen savings scheme,No,,,No,,0,0,
52,142468.3298,Rural,Graduate,Salaried,Business startup,Low,Medium_term,59764.00804,Post office schemes,No,,,No,,0,0,
49,247498.7553,Semi-Urban,Graduate,Unemployed,Wealth creation,Low,Long_term,56840.40453,Conservative hybrid funds,No,,,Yes,Educational Loan,341326.8434,7.598468478,Accelerated
46,237611.8372,Rural,Graduate,Business Owner,Wealth creation,Very Low,Long_term,87781.93077,Arbitrage funds,Yes,PM-Kisan,Direct income support to farmers,Yes,Educational Loan,293693.0124,13.31104294,Accelerated
30,65993.23227,Urban,No formal education,Self-Employed,Retirement,High,Long_term,20415.59239,Aggressive hybrid funds,No,,,No,,0,0,
48,271165.8888,Urban,Graduate,Unemployed,Wedding,Very Low,Short_term,53581.88285,Senior citizen savings scheme,Yes,Tamil Nadu Skill Development Corporation,Skill training programs (State: Tamil Nadu),Yes,Home Loan,400683.9359,11.55090414,Accelerated
36,120047.9126,Urban,No formal education,Retired,Retirement,Low,Long_term,59134.99336,Monthly income plans,No,,,No,,0,0,
36,72123.16231,Semi-Urban,No formal education,Unemployed,Business startup,Moderate,Medium_term,81700.19013,Dynamic asset allocation funds,Yes,PM-Kisan,Direct income support to farmers,Yes,Home Loan,323601.4482,10.13195795,Standard
20,30897.06697,Urban,No formal education,Business Owner,Wedding,Moderate,Short_term,90086.14775,Dynamic asset allocation funds,Yes,Tamil Nadu Chief Minister's Comprehensive Health Insurance Scheme,Health coverage for low-income families (State: Tamil Nadu),No,,0,0,
24,20571.24423,Semi-Urban,No formal education,Retired,Retirement,Moderate,Long_term,86646.38973,Balanced advantage funds,No,,,Yes,Home Loan,330042.6481,6.463227579,Standard
34,54403.72546,Rural,Secondary,Business Owner,Vacation,Low,Short_term,59277.56676,Conservative hybrid funds,No,,,No,,0,0,
20,15686.45633,Rural,Primary,Unemployed,Property down payment,High,Medium_term,34670.18797,Mid-cap funds,No,,,No,,0,0,
44,81992.78306,Urban,No formal education,Salaried,Vacation,Moderate,Short_term,70954.58703,Balanced advantage funds,Yes,Digital India Initiative,Promotes digital literacy and access,Yes,Home Loan,92612.46314,11.49770704,Accelerated
37,117475.6742,Rural,Primary,Retired,Retirement,Low,Long_term,97718.95786,Post office schemes,Yes,Uttar Pradesh Mukhyamantri Samagra Awas Yojana,Housing for all initiative (State: Uttar Pradesh),Yes,Educational Loan,491164.6599,8.228105028,Standard
43,130626.5637,Semi-Urban,Secondary,Self-Employed,Retirement,Low,Long_term,29862.54439,Fixed deposits,No,,,No,,0,0,
54,253791.9506,Urban,No formal education,Business Owner,Property down payment,Low,Medium_term,42853.58885,Post office schemes,Yes,Maharashtra Farmers' Welfare Scheme,Financial aid for farmers (State: Maharashtra),Yes,Home Loan,163429.9254,13.0324928,Accelerated
30,40183.49111,Semi-Urban,No formal education,Unemployed,Wedding,Low,Short_term,31521.1254,Post office schemes,Yes,PM-Kisan,Direct income support to farmers,No,,0,0,
25,29099.93468,Semi-Urban,No formal education,Unemployed,Legacy planning,Moderate,Long_term,66479.81527,Balanced advantage funds,Yes,Jan Dhan Yojana,Financial inclusion and banking services,Yes,Home Loan,169034.8959,6.063041943,Accelerated
22,24246.22501,Semi-Urban,Secondary,Unemployed,Home renovation,High,Short_term,15780.80622,Aggressive hybrid funds,Yes,Equity Linked Savings Scheme (ELSS),Tax-saving mutual funds,Yes,Home Loan,761004.5996,13.49780417,Accelerated
60,95104.95861,Rural,Secondary,Unemployed,Property down payment,Low,Medium_term,53900.86337,Blue-chip stocks,No,,,No,,0,0,
44,72985.89656,Semi-Urban,Postgraduate,Self-Employed,Wedding,Moderate,Short_term,57103.40745,Large-cap funds,No,,,Yes,Personal Loan,318191.8058,8.869796534,Accelerated
54,115025.6805,Urban,Primary,Self-Employed,Child education,Low,Medium_term,89637.21024,Dividend yield funds,Yes,Mudra Loan,Financial support for small businesses,Yes,Personal Loan,458933.1101,8.224211913,Accelerated
33,51916.25731,Rural,Graduate,Retired,Property down payment,Low,Medium_term,75211.56888,Fixed deposits,No,,,No,,0,0,
32,41536.75752,Semi-Urban,Primary,Unemployed,Emergency fund,High,Short_term,83270.03036,Corporate bonds,Yes,Sukanya Samriddhi Yojana,Savings scheme for girl children,No,,0,0,
50,202755.0999,Urban,Graduate,Self-Employed,Home renovation,Low,Short_term,26731.864,Monthly income plans,No,,,No,,0,0,
60,120486.4591,Semi-Urban,Postgraduate,Self-Employed,Wealth creation,Very Low,Long_term,95373.58314,Arbitrage funds,Yes,PMAY,Housing for All,No,,0,0,
45,106495.9849,Urban,Graduate,Salaried,Property down payment,Moderate,Medium_term,12134.4867,Government securities,No,,,No,,0,0,
39,112062.4556,Urban,Graduate,Retired,Wealth creation,Moderate,Long_term,21024.20926,Balanced advantage funds,Yes,Tamil Nadu Chief Minister's Comprehensive Health Insurance Scheme,Health coverage for low-income families (State: Tamil Nadu),No,,0,0,
38,91779.74551,Semi-Urban,Secondary,Self-Employed,Property down payment,Moderate,Medium_term,60813.50949,Government securities,No,,,Yes,Home Loan,663981.7692,12.32838072,Standard
19,29105.85751,Rural,Primary,Business Owner,Wealth creation,Moderate,Long_term,59750.84244,Balanced funds,Yes,Maharashtra State Rural Livelihoods Mission,Skill development and employment generation (State: Maharashtra),Yes,Home Loan,274606.2516,8.242175248,Standard
33,52320.98662,Rural,Postgraduate,Business Owner,Business startup,Moderate,Medium_term,65080.27901,Balanced funds,Yes,National Pension Scheme (NPS),Retirement savings scheme,No,,0,0,
18,20398.03855,Urban,Postgraduate,Retired,Home renovation,High,Short_term,67924.00083,Aggressive hybrid funds,Yes,Digital India Initiative,Promotes digital literacy and access,No,,0,0,
32,48847.90323,Semi-Urban,Secondary,Business Owner,Legacy planning,Moderate,Long_term,92072.40884,Index funds,No,,,Yes,Home Loan,811714.6763,12.6384228,Standard
39,123367.2896,Urban,Graduate,Unemployed,Home renovation,Low,Short_term,64301.09401,Dividend yield funds,Yes,Maharashtra State Rural Livelihoods Mission,Skill development and employment generation (State: Maharashtra),No,,0,0,
24,23117.40341,Rural,No formal education,Unemployed,Property down payment,Moderate,Medium_term,99375.95604,Government securities,Yes,PM-Kisan,Direct income support to farmers,Yes,Home Loan,741910.2217,14.96921984,Standard
25,28352.53677,Rural,Postgraduate,Self-Employed,Property down payment,High,Medium_term,50702.55211,Credit risk funds,Yes,National Pension Scheme (NPS),Retirement savings scheme,No,,0,0,
69,40850.15663,Semi-Urban,No formal education,Business Owner,Retirement,Very Low,Long_term,82097.91664,Arbitrage funds,Yes,Equity Linked Savings Scheme (ELSS),Tax-saving mutual funds,No,,0,0,
54,271183.8406,Semi-Urban,No formal education,Salaried,Child education,Low,Medium_term,52131.85295,Monthly income plans,Yes,Uttar Pradesh Mukhyamantri Samagra Awas Yojana,Housing for all initiative (State: Uttar Pradesh),No,,0,0,
60,114358.4009,Rural,No formal education,Unemployed,Property down payment,Very Low,Medium_term,28604.52884,Senior citizen savings scheme,Yes,Digital India Initiative,Promotes digital literacy and access,No,,0,0,
23,37887.32172,Urban,Primary,Unemployed,Wealth creation,Moderate,Long_term,22987.25561,Dynamic asset allocation funds,No,,,Yes,Home Loan,259796.1697,5.822915347,Standard
69,90134.89264,Semi-Urban,No formal education,Salaried,Wealth creation,Very Low,Long_term,76726.71442,Arbitrage funds,Yes,National Pension Scheme (NPS),Retirement savings scheme,No,,0,0,
26,65620.46849,Urban,Postgraduate,Self-Employed,Legacy planning,Moderate,Long_term,94972.42619,Balanced advantage funds,Yes,Digital India Initiative,Promotes digital literacy and access,Yes,Personal Loan,36581.16913,6.567841059,Standard
54,236074.1558,Urban,Postgraduate,Salaried,Wealth creation,Very Low,Long_term,35942.68679,Equity-linked saving schemes,Yes,Uttar Pradesh Farmer Loan Waiver Scheme,Debt relief for farmers (State: Uttar Pradesh),No,,0,0,
22,33132.4562,Rural,Primary,Self-Employed,Wedding,High,Short_term,30664.52534,Corporate bonds,Yes,National Pension Scheme (NPS),Retirement savings scheme,No,,0,0,
65,54895.04641,Rural,Secondary,Business Owner,Business startup,Very Low,Medium_term,75857.58716,Equity-linked saving schemes,No,,,Yes,Personal Loan,145670.8662,7.90745036,Standard
28,44457.33522,Semi-Urban,Primary,Self-Employed,Property down payment,Low,Medium_term,88776.73479,Blue-chip stocks,Yes,Atal Pension Yojana,Pension scheme for unorganized sector workers,No,,0,0,
57,224115.4036,Urban,Graduate,Retired,Wedding,Very Low,Short_term,70739.25285,Equity-linked saving schemes,No,,,Yes,Home Loan,460134.9484,10.58446031,Standard
47,117041.6041,Urban,Secondary,Self-Employed,Business startup,Very Low,Medium_term,31328.34291,Senior citizen savings scheme,No,,,Yes,Personal Loan,59316.18514,13.04108743,Accelerated
26,52534.68457,Semi-Urban,Primary,Retired,Retirement,Low,Long_term,40255.45784,Fixed deposits,Yes,Digital India Initiative,Promotes digital literacy and access,No,,0,0,
35,45348.33218,Rural,Graduate,Retired,Legacy planning,High,Long_term,75922.12767,Aggressive hybrid funds,No,,,Yes,Educational Loan,731902.2663,6.396248539,Standard
34,44271.82245,Rural,No formal education,Salaried,Property down payment,Low,Medium_term,88355.1192,Blue-chip stocks,Yes,Uttar Pradesh Kanya Vidya Dhan Yojana,Financial assistance for girls' education (State: Uttar Pradesh),No,,0,0,
30,38879.06985,Semi-Urban,Secondary,Retired,Emergency fund,High,Short_term,52487.92576,Multi-asset funds,No,,,No,,0,0,
19,27071.71071,Semi-Urban,Secondary,Unemployed,Legacy planning,Moderate,Long_term,18860.1,Banking PSU funds,Yes,Uttar Pradesh Kanya Vidya Dhan Yojana,Financial assistance for girls' education (State: Uttar Pradesh),No,,0,0,
22,35807.0597,Rural,Secondary,Business Owner,Property down payment,High,Medium_term,41978.74003,Sectoral funds,Yes,Maharashtra Farmers' Welfare Scheme,Financial aid for farmers (State: Maharashtra),Yes,Home Loan,114164.47,11.31251444,Standard
54,208828.8148,Urban,Primary,Business Owner,Wealth creation,Low,Long_term,30695.53712,Dividend yield funds,No,,,Yes,Personal Loan,225804.282,14.05733871,Accelerated
25,39323.10243,Urban,Secondary,Retired,Legacy planning,Moderate,Long_term,75509.64623,Balanced funds,No,,,No,,0,0,
23,24159.43835,Urban,Secondary,Retired,Child education,High,Medium_term,77021.84805,Corporate bonds,Yes,Tamil Nadu Skill Development Corporation,Skill training programs (State: Tamil Nadu),No,,0,0,
67,31367.14412,Urban,Secondary,Unemployed,Retirement,Very Low,Long_term,14859.43971,Senior citizen savings scheme,No,,,Yes,Educational Loan,563416.5436,9.557942989,Standard
34,75763.3597,Semi-Urban,Primary,Salaried,Business startup,Moderate,Medium_term,60132.94601,Government securities,Yes,Tamil Nadu Chief Minister's Comprehensive Health Insurance Scheme,Health coverage for low-income families (State: Tamil Nadu),Yes,Personal Loan,76736.9885,14.50057501,Standard
21,18328.93363,Semi-Urban,Primary,Business Owner,Wedding,Moderate,Short_term,10103.33576,Banking PSU funds,No,,,No,,0,0,
26,52422.82047,Urban,Graduate,Salaried,Home renovation,Moderate,Short_term,68521.46679,Banking PSU funds,Yes,Digital India Initiative,Promotes digital literacy and access,No,,0,0,
46,90346.47999,Semi-Urban,Postgraduate,Salaried,Retirement,Low,Long_term,61865.60721,Monthly income plans,Yes,National Pension Scheme (NPS),Retirement savings scheme,No,,0,0,
69,93965.16206,Rural,Graduate,Salaried,Vacation,Very Low,Short_term,87011.12383,Senior citizen savings scheme,No,,,Yes,Educational Loan,507566.1503,10.67247144,Accelerated
23,22755.65042,Rural,Secondary,Self-Employed,Home renovation,Moderate,Short_term,28801.49814,Balanced funds,No,,,No,,0,0,
22,15302.21534,Urban,No formal education,Unemployed,Wealth creation,High,Long_term,69363.20523,Credit risk funds,No,,,No,,0,0,
65,87725.21467,Semi-Urban,Graduate,Self-Employed,Wealth creation,Very Low,Long_term,86366.31861,Equity-linked saving schemes,Yes,Uttar Pradesh Skill Development Mission,Skill training and employment opportunities (State: Uttar Pradesh),Yes,Educational Loan,44541.11831,6.179438742,Accelerated
46,208733.3928,Urban,Primary,Retired,Retirement,Low,Long_term,19275.27309,Blue-chip stocks,No,,,No,,0,0,
45,126934.4328,Semi-Urban,Postgraduate,Self-Employed,Emergency fund,Moderate,Short_term,95315.7479,Dynamic asset allocation funds,No,,,Yes,Home Loan,992131.6572,11.90449269,Accelerated
61,116891.5005,Semi-Urban,Postgraduate,Salaried,Child education,Very Low,Medium_term,26427.59554,Senior citizen savings scheme,Yes,Sukanya Samriddhi Yojana,Savings scheme for girl children,No,,0,0,
19,21495.29767,Rural,Postgraduate,Unemployed,Property down payment,High,Medium_term,45993.44104,Corporate bonds,No,,,Yes,Personal Loan,339507.5942,14.68217595,Standard
63,85839.86094,Urban,No formal education,Unemployed,Vacation,Very Low,Short_term,55440.26653,Equity-linked saving schemes,No,,,No,,0,0,
20,25575.03007,Urban,Graduate,Self-Employed,Retirement,High,Long_term,35715.21017,Mid-cap funds,Yes,Jan Dhan Yojana,Financial inclusion and banking services,No,,0,0,
20,27410.84611,Rural,Graduate,Salaried,Retirement,High,Long_term,77503.50006,Corporate bonds,Yes,Uttar Pradesh Skill Development Mission,Skill training and employment opportunities (State: Uttar Pradesh),Yes,Home Loan,220602.2369,7.916119079,Standard
50,186597.9697,Rural,Primary,Retired,Retirement,Low,Long_term,51132.68714,Fixed deposits,No,,,Yes,Personal Loan,906925.3654,7.120319868,Standard
61,188895.5949,Rural,Secondary,Self-Employed,Wealth creation,Very Low,Long_term,16508.63147,Arbitrage funds,Yes,Tamil Nadu Chief Minister's Comprehensive Health Insurance Scheme,Health coverage for low-income families (State: Tamil Nadu),Yes,Home Loan,482307.6339,11.22003532,Accelerated
24,35470.20654,Rural,Postgraduate,Business Owner,Emergency fund,Moderate,Short_term,58973.5777,Balanced advantage funds,No,,,Yes,Personal Loan,618524.6701,12.12251689,Accelerated
42,106834.0332,Urban,Primary,Salaried,Vacation,Moderate,Short_term,88047.6329,Banking PSU funds,No,,,No,,0,0,
37,143298.7237,Urban,Secondary,Salaried,Business startup,Moderate,Medium_term,87268.47946,Index funds,Yes,Uttar Pradesh Farmer Loan Waiver Scheme,Debt relief for farmers (State: Uttar Pradesh),Yes,Personal Loan,90137.97738,5.878781298,Accelerated
54,242219.4242,Rural,Primary,Salaried,Retirement,Low,Long_term,90213.3405,Fixed deposits,Yes,Equity Linked Savings Scheme (ELSS),Tax-saving mutual funds,No,,0,0,
19,22652.55645,Semi-Urban,No formal education,Salaried,Wedding,Moderate,Short_term,14041.04012,Dynamic asset allocation funds,Yes,Atal Pension Yojana,Pension scheme for unorganized sector workers,No,,0,0,
26,70351.5755,Urban,Secondary,Unemployed,Property down payment,High,Medium_term,52678.10458,Corporate bonds,No,,,No,,0,0,
27,70269.56912,Rural,Secondary,Retired,Child education,High,Medium_term,49047.43341,Multi-asset funds,Yes,Uttar Pradesh Kanya Vidya Dhan Yojana,Financial assistance for girls' education (State: Uttar Pradesh),Yes,Home Loan,43357.44092,11.61518779,Standard
66,91796.41517,Rural,No formal education,Salaried,Property down payment,Very Low,Medium_term,61862.89056,Equity-linked saving schemes,Yes,Tamil Nadu Skill Development Corporation,Skill training programs (State: Tamil Nadu),No,,0,0,
31,59993.26305,Urban,Postgraduate,Business Owner,Wealth creation,High,Long_term,88491.26438,Corporate bonds,No,,,No,,0,0,
69,148431.2111,Rural,Postgraduate,Salaried,Wealth creation,Very Low,Long_term,10588.61309,Equity-linked saving schemes,No,,,Yes,Home Loan,344168.5194,9.126741866,Standard
18,27691.36252,Rural,Postgraduate,Business Owner,Legacy planning,High,Long_term,81970.41141,Mid-cap funds,No,,,Yes,Educational Loan,710985.4302,7.696496002,Standard
20,23786.05526,Urban,No formal education,Retired,Wealth creation,High,Long_term,59421.05283,Corporate bonds,No,,,Yes,Personal Loan,112380.8009,6.2099868,Accelerated
49,143146.9626,Semi-Urban,Graduate,Salaried,Wealth creation,Low,Long_term,67122.95794,Post office schemes,No,,,No,,0,0,
55,295353.2755,Rural,No formal education,Unemployed,Emergency fund,Low,Short_term,80990.75536,Dividend yield funds,Yes,PM-Kisan,Direct income support to farmers,Yes,Educational Loan,487006.3084,5.533326469,Standard
67,46656.21606,Urban,Primary,Retired,Business startup,Very Low,Medium_term,57047.41379,Arbitrage funds,No,,,No,,0,0,
57,101815.3042,Urban,Primary,Unemployed,Child education,Low,Medium_term,37414.81004,Conservative hybrid funds,Yes,Uttar Pradesh Mukhyamantri Samagra Awas Yojana,Housing for all initiative (State: Uttar Pradesh),Yes,Personal Loan,157025.4292,9.219597288,Standard
21,34620.30449,Urban,Graduate,Business Owner,Retirement,High,Long_term,73197.36058,Corporate bonds,No,,,No,,0,0,
44,62962.80336,Rural,Primary,Unemployed,Wealth creation,Moderate,Long_term,26741.13823,Balanced advantage funds,No,,,Yes,Personal Loan,464698.304,12.16785015,Accelerated
25,15154.79672,Rural,Primary,Salaried,Legacy planning,High,Long_term,51205.44368,Corporate bonds,Yes,Uttar Pradesh Mukhyamantri Samagra Awas Yojana,Housing for all initiative (State: Uttar Pradesh),No,,0,0,
69,109661.8233,Semi-Urban,Secondary,Retired,Property down payment,Very Low,Medium_term,85517.31388,Arbitrage funds,No,,,Yes,Home Loan,631834.6084,5.183501501,Accelerated
61,70937.76173,Semi-Urban,Postgraduate,Unemployed,Wealth creation,Very Low,Long_term,67746.57645,Equity-linked saving schemes,No,,,No,,0,0,
29,59892.95321,Rural,No formal education,Unemployed,Vacation,Low,Short_term,34454.41319,Conservative hybrid funds,Yes,Tamil Nadu Housing Board Schemes,Affordable housing options (State: Tamil Nadu),Yes,Home Loan,327336.9681,6.338381973,Accelerated
55,118505.216,Semi-Urban,No formal education,Retired,Home renovation,Very Low,Short_term,26739.26329,Equity-linked saving schemes,No,,,No,,0,0,
32,60211.23863,Rural,Postgraduate,Salaried,Legacy planning,High,Long_term,99126.84866,Sectoral funds,No,,,Yes,Educational Loan,932723.6987,7.216392962,Standard
47,214064.2331,Rural,Primary,Self-Employed,Vacation,Low,Short_term,38176.5068,Blue-chip stocks,No,,,Yes,Home Loan,846157.8107,9.121113204,Standard
43,64271.17587,Semi-Urban,No formal education,Salaried,Wedding,Moderate,Short_term,91458.09353,Balanced funds,No,,,No,,0,0,
36,65099.40014,Urban,No formal education,Self-Employed,Vacation,Moderate,Short_term,77964.09938,Index funds,Yes,Sukanya Samriddhi Yojana,Savings scheme for girl children,No,,0,0,
62,126261.5655,Semi-Urban,No formal education,Self-Employed,Emergency fund,Very Low,Short_term,44220.52074,Equity-linked saving schemes,No,,,Yes,Home Loan,828979.8162,10.23854796,Accelerated
33,34023.43979,Semi-Urban,Secondary,Self-Employed,Wedding,High,Short_term,18409.47203,Corporate bonds,No,,,No,,0,0,
32,56106.36873,Urban,Primary,Self-Employed,Wedding,Moderate,Short_term,41194.81476,Balanced advantage funds,No,,,No,,0,0,
29,53886.36966,Semi-Urban,No formal education,Self-Employed,Business startup,High,Medium_term,40999.03791,Small-cap funds,Yes,PMAY,Housing for All,Yes,Personal Loan,585832.5255,11.4857895,Standard
39,84058.58459,Semi-Urban,Graduate,Salaried,Wedding,Low,Short_term,85854.72254,Conservative hybrid funds,Yes,PMAY,Housing for All,Yes,Home Loan,85677.70238,12.53162997,Accelerated
45,142209.6673,Semi-Urban,Graduate,Business Owner,Legacy planning,Moderate,Long_term,45963.71729,Government securities,Yes,Atal Pension Yojana,Pension scheme for unorganized sector workers,Yes,Home Loan,215611.6424,12.67193009,Standard
27,40908.89375,Rural,Secondary,Business Owner,Child education,Moderate,Medium_term,90210.00751,Government securities,No,,,No,,0,0,
64,121886.1717,Rural,Postgraduate,Self-Employed,Vacation,Very Low,Short_term,67314.09946,Equity-linked saving schemes,No,,,Yes,Educational Loan,218335.6864,12.92462793,Accelerated
62,156550.333,Urban,No formal education,Salaried,Emergency fund,Very Low,Short_term,19577.1743,Arbitrage funds,No,,,No,,0,0,
56,250115.7014,Rural,No formal education,Self-Employed,Home renovation,Very Low,Short_term,29460.36451,Arbitrage funds,Yes,Jan Dhan Yojana,Financial inclusion and banking services,No,,0,0,
53,249219.975,Rural,Postgraduate,Unemployed,Wealth creation,Very Low,Long_term,55248.19706,Senior citizen savings scheme,Yes,MHADA Schemes,Affordable housing initiatives (State: Maharashtra),No,,0,0,
35,66553.3587,Rural,Primary,Business Owner,Property down payment,High,Medium_term,92196.53224,Sectoral funds,No,,,No,,0,0,
56,123839.0035,Urban,Primary,Unemployed,Emergency fund,Low,Short_term,87366.72786,Blue-chip stocks,No,,,No,,0,0,
62,198138.0853,Urban,Secondary,Salaried,Child education,Very Low,Medium_term,42000.62301,Arbitrage funds,No,,,No,,0,0,
22,33251.98811,Rural,Secondary,Self-Employed,Legacy planning,Moderate,Long_term,44109.779,Dynamic asset allocation funds,No,,,Yes,Personal Loan,966499.5946,7.634853259,Accelerated
39,53132.61163,Rural,Secondary,Unemployed,Child education,Low,Medium_term,80675.91744,Blue-chip stocks,No,,,No,,0,0,
62,118611.2222,Urban,No formal education,Retired,Wedding,Very Low,Short_term,24137.42205,Arbitrage funds,No,,,No,,0,0,
53,295767.7728,Urban,Postgraduate,Business Owner,Home renovation,Low,Short_term,99783.40742,Monthly income plans,No,,,No,,0,0,
48,185551.7617,Urban,Primary,Self-Employed,Retirement,Very Low,Long_term,58350.75773,Arbitrage funds,Yes,Digital India Initiative,Promotes digital literacy and access,Yes,Home Loan,125016.2809,8.972728303,Standard
44,82297.8199,Semi-Urban,Postgraduate,Business Owner,Wealth creation,Low,Long_term,65461.86246,Blue-chip stocks,Yes,Tamil Nadu Women’s Development Corporation,Financial support for women entrepreneurs (State: Tamil Nadu),Yes,Educational Loan,751924.8353,12.56113235,Accelerated
23,30021.85835,Semi-Urban,No formal education,Unemployed,Home renovation,Moderate,Short_term,39669.03998,Large-cap funds,No,,,Yes,Educational Loan,909261.859,7.284515821,Accelerated
36,78176.2669,Urban,Primary,Retired,Business startup,Moderate,Medium_term,51921.85735,Dynamic asset allocation funds,No,,,No,,0,0,
45,107157.3563,Urban,Secondary,Salaried,Emergency fund,Low,Short_term,99053.82782,Monthly income plans,Yes,Atal Pension Yojana,Pension scheme for unorganized sector workers,No,,0,0,
37,105744.8875,Rural,Postgraduate,Retired,Home renovation,Low,Short_term,87137.73241,Blue-chip stocks,No,,,Yes,Personal Loan,188591.9047,9.053514991,Standard
24,19243.84612,Semi-Urban,Secondary,Unemployed,Home renovation,Moderate,Short_term,65559.86113,Index funds,Yes,PM-Kisan,Direct income support to farmers,No,,0,0,
37,102898.5099,Semi-Urban,Secondary,Self-Employed,Vacation,Low,Short_term,44866.94505,Monthly income plans,Yes,PMAY,Housing for All,No,,0,0,
19,22720.88463,Urban,Secondary,Unemployed,Property down payment,High,Medium_term,11643.43713,Aggressive hybrid funds,No,,,Yes,Educational Loan,549330.5027,11.4735713,Accelerated
35,62023.56524,Semi-Urban,Postgraduate,Unemployed,Vacation,High,Short_term,14613.76046,Credit risk funds,Yes,Uttar Pradesh Skill Development Mission,Skill training and employment opportunities (State: Uttar Pradesh),Yes,Personal Loan,232913.4676,8.007715289,Accelerated
64,63573.50564,Rural,Primary,Business Owner,Property down payment,Very Low,Medium_term,11458.08397,Equity-linked saving schemes,Yes,Uttar Pradesh Mukhyamantri Samagra Awas Yojana,Housing for all initiative (State: Uttar Pradesh),Yes,Personal Loan,817745.8996,5.227709246,Standard
25,21831.64114,Semi-Urban,Primary,Business Owner,Child education,High,Medium_term,21062.16611,Sectoral funds,Yes,National Pension Scheme (NPS),Retirement savings scheme,No,,0,0,
23,39029.82957,Rural,Primary,Retired,Retirement,High,Long_term,39417.51992,Multi-asset funds,Yes,Tamil Nadu Chief Minister's Comprehensive Health Insurance Scheme,Health coverage for low-income families (State: Tamil Nadu),No,,0,0,
24,36610.21985,Semi-Urban,Graduate,Self-Employed,Child education,High,Medium_term,42015.95304,Corporate bonds,No,,,Yes,Educational Loan,980800.2596,6.996254495,Standard
21,36085.9423,Semi-Urban,Secondary,Salaried,Wealth creation,High,Long_term,22887.2736,Credit risk funds,No,,,No,,0,0,
59,82609.55761,Rural,Graduate,Unemployed,Emergency fund,Low,Short_term,21539.3284,Dividend yield funds,Yes,Maharashtra Farmers' Welfare Scheme,Financial aid for farmers (State: Maharashtra),No,,0,0,
34,34894.04518,Rural,Secondary,Unemployed,Legacy planning,Low,Long_term,42889.93497,Conservative hybrid funds,No,,,No,,0,0,
35,37698.49926,Urban,Primary,Business Owner,Vacation,High,Short_term,78010.3007,Corporate bonds,No,,,Yes,Educational Loan,930776.959,12.98187179,Standard
28,50518.29276,Semi-Urban,Primary,Unemployed,Retirement,High,Long_term,95747.1033,Credit risk funds,Yes,Tamil Nadu Chief Minister's Comprehensive Health Insurance Scheme,Health coverage for low-income families (State: Tamil Nadu),No,,0,0,
40,140595.8667,Semi-Urban,Postgraduate,Retired,Emergency fund,Moderate,Short_term,22756.18757,Balanced funds,No,,,Yes,Home Loan,274293.7513,6.210986979,Accelerated
59,119142.1652,Rural,Secondary,Unemployed,Emergency fund,Low,Short_term,96585.91538,Dividend yield funds,Yes,Sukanya Samriddhi Yojana,Savings scheme for girl children,Yes,Educational Loan,355475.0683,12.0838954,Standard
23,17096.5078,Urban,Primary,Retired,Child education,Moderate,Medium_term,30192.79652,Balanced funds,Yes,Tamil Nadu Skill Development Corporation,Skill training programs (State: Tamil Nadu),No,,0,0,
69,145625.5532,Semi-Urban,Postgraduate,Unemployed,Property down payment,Very Low,Medium_term,18231.3768,Equity-linked saving schemes,Yes,Uttar Pradesh Mukhyamantri Samagra Awas Yojana,Housing for all initiative (State: Uttar Pradesh),Yes,Home Loan,374595.1727,12.32413927,Standard
48,237929.6579,Urban,Graduate,Self-Employed,Vacation,Low,Short_term,77169.92719,Conservative hybrid funds,Yes,Tamil Nadu Women’s Development Corporation,Financial support for women entrepreneurs (State: Tamil Nadu),Yes,Home Loan,509196.2503,5.769523509,Accelerated
30,63164.00021,Rural,Postgraduate,Unemployed,Retirement,High,Long_term,84719.74403,Credit risk funds,No,,,No,,0,0,
22,17251.47122,Semi-Urban,Primary,Retired,Child education,Moderate,Medium_term,61929.89234,Banking PSU funds,Yes,Tamil Nadu Skill Development Corporation,Skill training programs (State: Tamil Nadu),Yes,Educational Loan,950246.6816,9.51666616,Standard
41,81167.87806,Urban,Secondary,Unemployed,Home renovation,Moderate,Short_term,86874.56089,Balanced advantage funds,Yes,Tamil Nadu Women’s Development Corporation,Financial support for women entrepreneurs (State: Tamil Nadu),Yes,Personal Loan,82467.37426,13.09215431,Accelerated
20,26287.03532,Urban,Secondary,Self-Employed,Vacation,Moderate,Short_term,67185.5198,Government securities,No,,,No,,0,0,
20,28098.17498,Urban,Postgraduate,Unemployed,Child education,Moderate,Medium_term,58611.8514,Dynamic asset allocation funds,No,,,Yes,Home Loan,544192.8133,5.190144845,Accelerated
66,111027.8137,Urban,Primary,Business Owner,Wealth creation,Very Low,Long_term,34513.12863,Equity-linked saving schemes,No,,,Yes,Personal Loan,165382.2258,5.482793081,Accelerated
44,90530.26001,Rural,Postgraduate,Retired,Home renovation,Moderate,Short_term,79479.96963,Banking PSU funds,Yes,National Pension Scheme (NPS),Retirement savings scheme,Yes,Personal Loan,387682.6002,11.5910625,Accelerated
60,122180.0099,Urban,Secondary,Business Owner,Legacy planning,Very Low,Long_term,80837.92489,Equity-linked saving schemes,No,,,Yes,Personal Loan,205280.0424,13.91218436,Accelerated
44,99370.98082,Rural,Secondary,Retired,Retirement,Low,Long_term,86242.37275,Dividend yield funds,Yes,National Pension Scheme (NPS),Retirement savings scheme,Yes,Personal Loan,285628.6252,9.469471692,Accelerated
19,23816.60183,Urban,No formal education,Business Owner,Legacy planning,High,Long_term,16869.63998,Multi-asset funds,No,,,Yes,Personal Loan,268860.3275,5.768714341,Accelerated
55,118187.6128,Semi-Urban,Secondary,Salaried,Emergency fund,Low,Short_term,73260.5467,Fixed deposits,No,,,No,,0,0,
61,140354.9103,Urban,Postgraduate,Salaried,Wealth creation,Very Low,Long_term,78054.82086,Arbitrage funds,Yes,Tamil Nadu Chief Minister's Comprehensive Health Insurance Scheme,Health coverage for low-income families (State: Tamil Nadu),No,,0,0,
41,125555.2232,Semi-Urban,Primary,Self-Employed,Legacy planning,Low,Long_term,40579.03789,Conservative hybrid funds,No,,,No,,0,0,
29,52209.83057,Urban,Primary,Unemployed,Property down payment,Low,Medium_term,48255.534,Dividend yield funds,No,,,No,,0,0,
33,40995.5969,Rural,Secondary,Retired,Property down payment,High,Medium_term,90836.47158,Corporate bonds,Yes,Uttar Pradesh Skill Development Mission,Skill training and employment opportunities (State: Uttar Pradesh),No,,0,0,
26,56860.69686,Semi-Urban,Postgraduate,Salaried,Emergency fund,Moderate,Short_term,75363.32421,Dynamic asset allocation funds,No,,,No,,0,0,
52,155289.7279,Urban,Postgraduate,Unemployed,Wedding,Very Low,Short_term,24466.76318,Senior citizen savings scheme,No,,,Yes,Home Loan,70591.80566,6.424657554,Accelerated
19,37607.15108,Semi-Urban,Primary,Retired,Property down payment,Moderate,Medium_term,22805.34088,Index funds,Yes,Uttar Pradesh Farmer Loan Waiver Scheme,Debt relief for farmers (State: Uttar Pradesh),Yes,Personal Loan,16032.40038,11.04204445,Standard
47,83461.50974,Urban,Secondary,Self-Employed,Emergency fund,Very Low,Short_term,63475.54511,Equity-linked saving schemes,Yes,Uttar Pradesh Skill Development Mission,Skill training and employment opportunities (State: Uttar Pradesh),No,,0,0,
61,53577.22143,Semi-Urban,Postgraduate,Self-Employed,Emergency fund,Very Low,Short_term,18967.34728,Senior citizen savings scheme,No,,,No,,0,0,
63,103472.5543,Rural,Primary,Unemployed,Wealth creation,Very Low,Long_term,98631.21601,Arbitrage funds,No,,,No,,0,0,
60,94797.88728,Urban,Secondary,Self-Employed,Business startup,Low,Medium_term,82495.20474,Fixed deposits,No,,,No,,0,0,
61,138766.6255,Rural,Postgraduate,Business Owner,Home renovation,Very Low,Short_term,15166.22852,Senior citizen savings scheme,Yes,Uttar Pradesh Kanya Vidya Dhan Yojana,Financial assistance for girls' education (State: Uttar Pradesh),No,,0,0,
53,179916.3702,Semi-Urban,Postgraduate,Retired,Home renovation,Low,Short_term,37714.35196,Conservative hybrid funds,No,,,Yes,Personal Loan,314860.9004,14.82005888,Accelerated
53,253639.6149,Urban,Graduate,Self-Employed,Business startup,Very Low,Medium_term,27940.89976,Arbitrage funds,Yes,Equity Linked Savings Scheme (ELSS),Tax-saving mutual funds,No,,0,0,
22,27402.06136,Semi-Urban,Secondary,Business Owner,Business startup,High,Medium_term,54354.66315,Small-cap funds,No,,,Yes,Educational Loan,663705.3122,13.73091045,Standard
24,34625.91313,Rural,Secondary,Salaried,Wedding,Moderate,Short_term,59741.50662,Balanced funds,No,,,Yes,Home Loan,649904.3165,9.554137442,Accelerated
20,38040.6922,Rural,Secondary,Business Owner,Property down payment,High,Medium_term,59831.71253,Sectoral funds,No,,,No,,0,0,
49,249239.6133,Rural,Postgraduate,Self-Employed,Child education,Very Low,Medium_term,18252.12843,Equity-linked saving schemes,No,,,No,,0,0,
60,176056.4462,Urban,No formal education,Unemployed,Property down payment,Low,Medium_term,12090.16864,Conservative hybrid funds,No,,,Yes,Home Loan,650465.1934,13.17736217,Accelerated
34,70759.47414,Rural,Postgraduate,Self-Employed,Home renovation,Moderate,Short_term,49778.81144,Index funds,No,,,No,,0,0,
50,207492.7814,Semi-Urban,Secondary,Retired,Child education,Very Low,Medium_term,18774.91037,Senior citizen savings scheme,Yes,Jan Dhan Yojana,Financial inclusion and banking services,Yes,Home Loan,699475.8895,13.36801374,Accelerated
20,15462.43499,Urban,Secondary,Unemployed,Property down payment,High,Medium_term,78394.43565,Aggressive hybrid funds,Yes,Uttar Pradesh Mukhyamantri Samagra Awas Yojana,Housing for all initiative (State: Uttar Pradesh),Yes,Personal Loan,14128.87861,7.445346713,Accelerated
38,120486.3694,Rural,No formal education,Retired,Retirement,Moderate,Long_term,74831.62382,Large-cap funds,No,,,No,,0,0,
63,81493.74993,Semi-Urban,Secondary,Unemployed,Retirement,Very Low,Long_term,16511.39968,Arbitrage funds,No,,,Yes,Home Loan,824642.3987,11.17761124,Accelerated
26,72361.91446,Semi-Urban,Graduate,Retired,Property down payment,Low,Medium_term,47983.13967,Blue-chip stocks,No,,,Yes,Personal Loan,766491.7167,8.026274662,Accelerated
26,61837.60278,Urban,Secondary,Retired,Home renovation,Low,Short_term,74438.66589,Fixed deposits,No,,,Yes,Home Loan,704693.2796,11.5664039,Standard
44,148456.6351,Semi-Urban,No formal education,Retired,Property down payment,Low,Medium_term,54380.72944,Post office schemes,No,,,Yes,Educational Loan,276316.6856,13.69564257,Accelerated
27,55926.27562,Semi-Urban,Primary,Salaried,Vacation,High,Short_term,23426.96229,Aggressive hybrid funds,Yes,PMAY,Housing for All,Yes,Home Loan,36579.68968,7.559034969,Standard
34,50745.95928,Rural,Graduate,Retired,Property down payment,High,Medium_term,79843.39814,Multi-asset funds,No,,,No,,0,0,
68,62742.14292,Semi-Urban,Secondary,Salaried,Emergency fund,Very Low,Short_term,76013.59879,Equity-linked saving schemes,No,,,Yes,Personal Loan,281950.9115,12.35372308,Standard
29,74834.66996,Urban,Primary,Business Owner,Vacation,High,Short_term,76752.32472,Corporate bonds,No,,,Yes,Personal Loan,659526.1276,11.85155383,Accelerated
62,157255.2428,Semi-Urban,Primary,Salaried,Home renovation,Very Low,Short_term,18969.98803,Senior citizen savings scheme,Yes,Uttar Pradesh Mukhyamantri Samagra Awas Yojana,Housing for all initiative (State: Uttar Pradesh),Yes,Educational Loan,942348.9112,12.73454225,Accelerated
18,26362.41807,Urban,Secondary,Salaried,Emergency fund,Moderate,Short_term,68761.64565,Balanced funds,Yes,Tamil Nadu Women’s Development Corporation,Financial support for women entrepreneurs (State: Tamil Nadu),Yes,Educational Loan,881166.1203,13.09721603,Standard
55,282471.4179,Semi-Urban,Secondary,Salaried,Home renovation,Low,Short_term,30451.7873,Blue-chip stocks,No,,,Yes,Personal Loan,551076.4388,7.529010026,Accelerated
28,59635.40316,Rural,No formal education,Unemployed,Wealth creation,Moderate,Long_term,17765.5128,Dynamic asset allocation funds,No,,,No,,0,0,
24,25534.45657,Semi-Urban,Postgraduate,Business Owner,Retirement,Moderate,Long_term,38516.88386,Large-cap funds,No,,,Yes,Educational Loan,721028.5947,10.29340544,Standard
52,256334.6174,Urban,Graduate,Business Owner,Home renovation,Very Low,Short_term,61267.82568,Equity-linked saving schemes,No,,,Yes,Personal Loan,343602.8678,12.26027148,Standard
30,64956.59166,Rural,Graduate,Self-Employed,Wealth creation,Low,Long_term,65249.38761,Blue-chip stocks,No,,,No,,0,0,
41,63810.29637,Semi-Urban,Primary,Unemployed,Legacy planning,Moderate,Long_term,59809.69966,Index funds,Yes,PMAY,Housing for All,No,,0,0,
35,63154.63999,Urban,Graduate,Self-Employed,Wedding,Moderate,Short_term,60532.17874,Dynamic asset allocation funds,No,,,Yes,Home Loan,416970.6852,7.001750872,Standard
48,294309.8562,Urban,Graduate,Business Owner,Legacy planning,Low,Long_term,36594.21486,Blue-chip stocks,Yes,Maharashtra Chief Minister's Relief Fund,Financial assistance during disasters (State: Maharashtra),No,,0,0,
43,83345.54549,Semi-Urban,Graduate,Business Owner,Emergency fund,Low,Short_term,81324.09174,Conservative hybrid funds,Yes,Maharashtra Farmers' Welfare Scheme,Financial aid for farmers (State: Maharashtra),Yes,Home Loan,637237.6398,5.816454933,Accelerated
59,224254.2817,Urban,Primary,Business Owner,Legacy planning,Very Low,Long_term,44466.47653,Senior citizen savings scheme,No,,,Yes,Educational Loan,285236.3323,8.90175414,Standard
26,32340.21232,Urban,Secondary,Unemployed,Wedding,Low,Short_term,40257.18644,Monthly income plans,No,,,Yes,Personal Loan,309077.6493,7.384334055,Accelerated
25,27410.32975,Semi-Urban,Postgraduate,Retired,Home renovation,Moderate,Short_term,78791.20891,Balanced funds,No,,,Yes,Personal Loan,182872.8499,5.915853147,Standard
18,15537.66573,Urban,Primary,Self-Employed,Home renovation,High,Short_term,55236.68537,Small-cap funds,Yes,PMAY,Housing for All,No,,0,0,
56,249660.6713,Semi-Urban,Primary,Business Owner,Child education,Low,Medium_term,46726.94609,Fixed deposits,Yes,PMAY,Housing for All,No,,0,0,
44,55485.02037,Urban,Postgraduate,Unemployed,Child education,Low,Medium_term,33186.13116,Post office schemes,Yes,Mudra Loan,Financial support for small businesses,Yes,Home Loan,336942.2423,7.645268538,Standard
38,104205.0058,Rural,Postgraduate,Unemployed,Legacy planning,Low,Long_term,78452.23907,Blue-chip stocks,No,,,Yes,Educational Loan,335668.9076,9.067991311,Standard
23,36885.65406,Urban,Secondary,Self-Employed,Emergency fund,Moderate,Short_term,19438.85826,Banking PSU funds,Yes,Equity Linked Savings Scheme (ELSS),Tax-saving mutual funds,No,,0,0,
20,19271.77143,Urban,No formal education,Retired,Vacation,High,Short_term,31290.6316,Sectoral funds,Yes,Maharashtra State Rural Livelihoods Mission,Skill development and employment generation (State: Maharashtra),No,,0,0,
60,99395.7158,Urban,Primary,Salaried,Legacy planning,Low,Long_term,53825.33757,Conservative hybrid funds,No,,,Yes,Home Loan,791498.9207,9.470910075,Standard
66,71131.75754,Urban,Postgraduate,Self-Employed,Home renovation,Very Low,Short_term,11381.42244,Senior citizen savings scheme,Yes,Uttar Pradesh Kanya Vidya Dhan Yojana,Financial assistance for girls' education (State: Uttar Pradesh),Yes,Educational Loan,503859.3132,8.168857659,Standard
36,57787.48511,Rural,Secondary,Salaried,Vacation,Moderate,Short_term,87056.96664,Balanced funds,No,,,No,,0,0,
18,26702.32252,Semi-Urban,Postgraduate,Salaried,Child education,High,Medium_term,25925.68478,Aggressive hybrid funds,Yes,PMAY,Housing for All,No,,0,0,
68,37288.19271,Semi-Urban,Postgraduate,Retired,Wealth creation,Very Low,Long_term,77049.88143,Equity-linked saving schemes,Yes,PMAY,Housing for All,No,,0,0,
22,30859.73659,Semi-Urban,Secondary,Unemployed,Legacy planning,High,Long_term,69541.62768,Credit risk funds,No,,,Yes,Personal Loan,252015.6016,6.608885208,Standard
54,146309.9141,Rural,Graduate,Self-Employed,Vacation,Low,Short_term,66851.10769,Dividend yield funds,Yes,Uttar Pradesh Kanya Vidya Dhan Yojana,Financial assistance for girls' education (State: Uttar Pradesh),Yes,Personal Loan,302809.0278,6.032862883,Accelerated
23,39298.35184,Rural,Secondary,Unemployed,Retirement,High,Long_term,98961.54297,Corporate bonds,Yes,Maharashtra Chief Minister's Relief Fund,Financial assistance during disasters (State: Maharashtra),Yes,Home Loan,467772.4587,11.31951275,Accelerated
40,80902.09583,Semi-Urban,No formal education,Salaried,Emergency fund,Moderate,Short_term,10181.79812,Large-cap funds,Yes,Mudra Loan,Financial support for small businesses,No,,0,0,
41,92087.94622,Semi-Urban,Primary,Retired,Emergency fund,Moderate,Short_term,31930.56907,Large-cap funds,No,,,No,,0,0,
69,108841.7367,Rural,Postgraduate,Salaried,Legacy planning,Very Low,Long_term,95278.26714,Arbitrage funds,No,,,No,,0,0,
56,190103.1213,Urban,Secondary,Salaried,Retirement,Very Low,Long_term,59609.83301,Senior citizen savings scheme,No,,,Yes,Personal Loan,951238.7876,8.652294779,Accelerated
23,37911.23271,Rural,Secondary,Self-Employed,Legacy planning,High,Long_term,71960.00784,Sectoral funds,No,,,No,,0,0,
40,140182.4046,Rural,Primary,Self-Employed,Wealth creation,Low,Long_term,67049.21524,Conservative hybrid funds,Yes,PMAY,Housing for All,Yes,Personal Loan,295532.5024,13.61566175,Accelerated
19,16596.69128,Urban,Secondary,Business Owner,Vacation,Moderate,Short_term,91210.31614,Banking PSU funds,No,,,No,,0,0,
43,130049.9058,Rural,No formal education,Unemployed,Retirement,Low,Long_term,45728.03789,Post office schemes,No,,,Yes,Home Loan,412260.1851,10.29972765,Accelerated
57,189325.6936,Rural,Graduate,Retired,Business startup,Very Low,Medium_term,26730.88342,Equity-linked saving schemes,No,,,Yes,Home Loan,154554.025,8.077780413,Standard
60,129365.3668,Semi-Urban,Primary,Business Owner,Legacy planning,Very Low,Long_term,72185.73343,Arbitrage funds,No,,,No,,0,0,
44,139946.204,Rural,Postgraduate,Business Owner,Vacation,Low,Short_term,94203.95712,Fixed deposits,No,,,Yes,Home Loan,401404.5447,10.6756405,Standard
64,182398.4442,Urban,No formal education,Retired,Property down payment,Very Low,Medium_term,91088.20362,Equity-linked saving schemes,No,,,Yes,Educational Loan,590523.2548,13.1769902,Standard
35,78521.91321,Urban,No formal education,Unemployed,Property down payment,Low,Medium_term,95101.38094,Blue-chip stocks,No,,,Yes,Personal Loan,840807.2603,6.47500388,Accelerated
35,70655.98612,Rural,Graduate,Unemployed,Emergency fund,High,Short_term,83532.57712,Multi-asset funds,Yes,Tamil Nadu Women’s Development Corporation,Financial support for women entrepreneurs (State: Tamil Nadu),Yes,Home Loan,565320.3745,13.32319516,Accelerated
33,65283.73567,Semi-Urban,Graduate,Business Owner,Property down payment,Moderate,Medium_term,80797.35076,Large-cap funds,No,,,No,,0,0,
27,46657.82301,Rural,Postgraduate,Self-Employed,Wedding,Moderate,Short_term,85260.51439,Dynamic asset allocation funds,Yes,Uttar Pradesh Skill Development Mission,Skill training and employment opportunities (State: Uttar Pradesh),Yes,Home Loan,558289.7564,14.69616757,Standard
29,53261.11148,Urban,Primary,Self-Employed,Vacation,High,Short_term,29434.86811,Mid-cap funds,Yes,Mudra Loan,Financial support for small businesses,Yes,Home Loan,188807.8479,12.44482022,Standard
50,83402.20415,Semi-Urban,No formal education,Business Owner,Business startup,Low,Medium_term,11798.55967,Conservative hybrid funds,Yes,Tamil Nadu Housing Board Schemes,Affordable housing options (State: Tamil Nadu),Yes,Educational Loan,572615.4874,8.953684839,Accelerated
67,69091.98451,Urban,No formal education,Salaried,Vacation,Very Low,Short_term,71115.43719,Arbitrage funds,Yes,Maharashtra Farmers' Welfare Scheme,Financial aid for farmers (State: Maharashtra),Yes,Personal Loan,719440.8064,5.129415292,Standard
31,43782.5104,Rural,Graduate,Retired,Property down payment,Low,Medium_term,73238.21385,Fixed deposits,No,,,Yes,Home Loan,150082.5458,7.129093814,Standard
35,47359.35137,Rural,Primary,Self-Employed,Legacy planning,Low,Long_term,52882.26311,Dividend yield funds,No,,,No,,0,0,
32,41365.94786,Rural,No formal education,Salaried,Legacy planning,Moderate,Long_term,91296.74753,Balanced advantage funds,No,,,No,,0,0,
42,58695.11309,Semi-Urban,No formal education,Unemployed,Home renovation,Low,Short_term,44376.94207,Blue-chip stocks,Yes,Mudra Loan,Financial support for small businesses,Yes,Personal Loan,175875.5482,11.07323743,Standard
57,113525.2715,Rural,No formal education,Business Owner,Legacy planning,Low,Long_term,36301.6213,Monthly income plans,No,,,No,,0,0,
